Entry,Organism,Modified residue,Modified_position,Negative_sequences_11,Negative_sequences_15,Negative_sequences_25,Negative_sequences_51
A7VJC2,Rattus norvegicus (Rat),Dimethylated arginine; alternate,203,TVPLERKKREK;LERKKREKEQF;EKEQFRKLFIG;TEESLRNYYEQ;DCVVMRDPASK;DPASKRSRGFG;ASKRSRGFGFV;AAMAARPHSID;HSIDGRVVEPK;VVEPKRAVARE;KRAVAREESGK;EEHHLRDYFEE;EIITDRQSGKK;QSGKKRGFGFV;HNAEVRKALSR;RKALSRQEMQE;EVQSSRSGRGG;GFGDSRGGGGN;PGSNFRGGSDG;GYGSGRGFGDG;GYGGGRGGYGG;NFGGSRNMGGP;GGYGGRSRY;YGGRSRY,LETVPLERKKREKEQ;VPLERKKREKEQFRK;KREKEQFRKLFIGGL;ETTEESLRNYYEQWG;LTDCVVMRDPASKRS;MRDPASKRSRGFGFV;DPASKRSRGFGFVTF;VDAAMAARPHSIDGR;RPHSIDGRVVEPKRA;GRVVEPKRAVAREES;EPKRAVAREESGKPG;DTEEHHLRDYFEEYG;TIEIITDRQSGKKRG;DRQSGKKRGFGFVTF;NGHNAEVRKALSRQE;EVRKALSRQEMQEVQ;MQEVQSSRSGRGGNF;NFGFGDSRGGGGNFG;PGPGSNFRGGSDGYG;SDGYGSGRGFGDGYN;SPGYGGGRGGYGGGG;SGNFGGSRNMGGPYG;GSGGYGGRSRY;GGYGGRSRY,MEKTLETVPLERKKREKEQFRKLF;KTLETVPLERKKREKEQFRKLFIGG;PLERKKREKEQFRKLFIGGLSFETT;GGLSFETTEESLRNYYEQWGKLTDC;EQWGKLTDCVVMRDPASKRSRGFGF;TDCVVMRDPASKRSRGFGFVTFSSM;CVVMRDPASKRSRGFGFVTFSSMAE;SSMAEVDAAMAARPHSIDGRVVEPK;AAMAARPHSIDGRVVEPKRAVAREE;PHSIDGRVVEPKRAVAREESGKPGA;DGRVVEPKRAVAREESGKPGAHVTV;GGIKEDTEEHHLRDYFEEYGKIDTI;YGKIDTIEIITDRQSGKKRGFGFVT;IEIITDRQSGKKRGFGFVTFDDHDP;KYHTINGHNAEVRKALSRQEMQEVQ;NGHNAEVRKALSRQEMQEVQSSRSG;LSRQEMQEVQSSRSGRGGNFGFGDS;SGRGGNFGFGDSRGGGGNFGPGPGS;GGNFGPGPGSNFRGGSDGYGSGRGF;NFRGGSDGYGSGRGFGDGYNGYGGG;GNFGGSPGYGGGRGGYGGGGPGYGN;YGPMKSGNFGGSRNMGGPYGGGNYG;PGGSGGSGGYGGRSRY;GSGGSGGYGGRSRY,MEKTLETVPLERKKREKEQFRKLFIGGLSFETTEESL;MEKTLETVPLERKKREKEQFRKLFIGGLSFETTEESLRNY;MEKTLETVPLERKKREKEQFRKLFIGGLSFETTEESLRNYYEQWGK;KKREKEQFRKLFIGGLSFETTEESLRNYYEQWGKLTDCVVMRDPASKRSRG;SFETTEESLRNYYEQWGKLTDCVVMRDPASKRSRGFGFVTFSSMAEVDAAM;ESLRNYYEQWGKLTDCVVMRDPASKRSRGFGFVTFSSMAEVDAAMAARPHS;LRNYYEQWGKLTDCVVMRDPASKRSRGFGFVTFSSMAEVDAAMAARPHSID;ASKRSRGFGFVTFSSMAEVDAAMAARPHSIDGRVVEPKRAVAREESGKPGA;FGFVTFSSMAEVDAAMAARPHSIDGRVVEPKRAVAREESGKPGAHVTVKKL;SSMAEVDAAMAARPHSIDGRVVEPKRAVAREESGKPGAHVTVKKLFVGGIK;EVDAAMAARPHSIDGRVVEPKRAVAREESGKPGAHVTVKKLFVGGIKEDTE;KPGAHVTVKKLFVGGIKEDTEEHHLRDYFEEYGKIDTIEIITDRQSGKKRG;DTEEHHLRDYFEEYGKIDTIEIITDRQSGKKRGFGFVTFDDHDPVDKIFLQ;LRDYFEEYGKIDTIEIITDRQSGKKRGFGFVTFDDHDPVDKIFLQKYHTIN;FDDHDPVDKIFLQKYHTINGHNAEVRKALSRQEMQEVQSSRSGRGGNFGFG;PVDKIFLQKYHTINGHNAEVRKALSRQEMQEVQSSRSGRGGNFGFGDSRGG;HTINGHNAEVRKALSRQEMQEVQSSRSGRGGNFGFGDSRGGGGNFGPGPGS;LSRQEMQEVQSSRSGRGGNFGFGDSRGGGGNFGPGPGSNFRGGSDGYGSGR;RGGNFGFGDSRGGGGNFGPGPGSNFRGGSDGYGSGRGFGDGYNGYGGGPGG;RGGGGNFGPGPGSNFRGGSDGYGSGRGFGDGYNGYGGGPGGGNFGGSPGYG;GDGYNGYGGGPGGGNFGGSPGYGGGRGGYGGGGPGYGNQGGGYGGGYDNYG;YNDFGNYNQQPSNYGPMKSGNFGGSRNMGGPYGGGNYGPGGSGGSGGYGGR;RNMGGPYGGGNYGPGGSGGSGGYGGRSRY;MGGPYGGGNYGPGGSGGSGGYGGRSRY
A7VJC2,Rattus norvegicus (Rat),Dimethylated arginine; alternate,213,TVPLERKKREK;LERKKREKEQF;EKEQFRKLFIG;TEESLRNYYEQ;DCVVMRDPASK;DPASKRSRGFG;ASKRSRGFGFV;AAMAARPHSID;HSIDGRVVEPK;VVEPKRAVARE;KRAVAREESGK;EEHHLRDYFEE;EIITDRQSGKK;QSGKKRGFGFV;HNAEVRKALSR;RKALSRQEMQE;EVQSSRSGRGG;SSRSGRGGNFG;PGSNFRGGSDG;GYGSGRGFGDG;GYGGGRGGYGG;NFGGSRNMGGP;GGYGGRSRY;YGGRSRY,LETVPLERKKREKEQ;VPLERKKREKEQFRK;KREKEQFRKLFIGGL;ETTEESLRNYYEQWG;LTDCVVMRDPASKRS;MRDPASKRSRGFGFV;DPASKRSRGFGFVTF;VDAAMAARPHSIDGR;RPHSIDGRVVEPKRA;GRVVEPKRAVAREES;EPKRAVAREESGKPG;DTEEHHLRDYFEEYG;TIEIITDRQSGKKRG;DRQSGKKRGFGFVTF;NGHNAEVRKALSRQE;EVRKALSRQEMQEVQ;MQEVQSSRSGRGGNF;VQSSRSGRGGNFGFG;PGPGSNFRGGSDGYG;SDGYGSGRGFGDGYN;SPGYGGGRGGYGGGG;SGNFGGSRNMGGPYG;GSGGYGGRSRY;GGYGGRSRY,MEKTLETVPLERKKREKEQFRKLF;KTLETVPLERKKREKEQFRKLFIGG;PLERKKREKEQFRKLFIGGLSFETT;GGLSFETTEESLRNYYEQWGKLTDC;EQWGKLTDCVVMRDPASKRSRGFGF;TDCVVMRDPASKRSRGFGFVTFSSM;CVVMRDPASKRSRGFGFVTFSSMAE;SSMAEVDAAMAARPHSIDGRVVEPK;AAMAARPHSIDGRVVEPKRAVAREE;PHSIDGRVVEPKRAVAREESGKPGA;DGRVVEPKRAVAREESGKPGAHVTV;GGIKEDTEEHHLRDYFEEYGKIDTI;YGKIDTIEIITDRQSGKKRGFGFVT;IEIITDRQSGKKRGFGFVTFDDHDP;KYHTINGHNAEVRKALSRQEMQEVQ;NGHNAEVRKALSRQEMQEVQSSRSG;LSRQEMQEVQSSRSGRGGNFGFGDS;QEMQEVQSSRSGRGGNFGFGDSRGG;GGNFGPGPGSNFRGGSDGYGSGRGF;NFRGGSDGYGSGRGFGDGYNGYGGG;GNFGGSPGYGGGRGGYGGGGPGYGN;YGPMKSGNFGGSRNMGGPYGGGNYG;PGGSGGSGGYGGRSRY;GSGGSGGYGGRSRY,MEKTLETVPLERKKREKEQFRKLFIGGLSFETTEESL;MEKTLETVPLERKKREKEQFRKLFIGGLSFETTEESLRNY;MEKTLETVPLERKKREKEQFRKLFIGGLSFETTEESLRNYYEQWGK;KKREKEQFRKLFIGGLSFETTEESLRNYYEQWGKLTDCVVMRDPASKRSRG;SFETTEESLRNYYEQWGKLTDCVVMRDPASKRSRGFGFVTFSSMAEVDAAM;ESLRNYYEQWGKLTDCVVMRDPASKRSRGFGFVTFSSMAEVDAAMAARPHS;LRNYYEQWGKLTDCVVMRDPASKRSRGFGFVTFSSMAEVDAAMAARPHSID;ASKRSRGFGFVTFSSMAEVDAAMAARPHSIDGRVVEPKRAVAREESGKPGA;FGFVTFSSMAEVDAAMAARPHSIDGRVVEPKRAVAREESGKPGAHVTVKKL;SSMAEVDAAMAARPHSIDGRVVEPKRAVAREESGKPGAHVTVKKLFVGGIK;EVDAAMAARPHSIDGRVVEPKRAVAREESGKPGAHVTVKKLFVGGIKEDTE;KPGAHVTVKKLFVGGIKEDTEEHHLRDYFEEYGKIDTIEIITDRQSGKKRG;DTEEHHLRDYFEEYGKIDTIEIITDRQSGKKRGFGFVTFDDHDPVDKIFLQ;LRDYFEEYGKIDTIEIITDRQSGKKRGFGFVTFDDHDPVDKIFLQKYHTIN;FDDHDPVDKIFLQKYHTINGHNAEVRKALSRQEMQEVQSSRSGRGGNFGFG;PVDKIFLQKYHTINGHNAEVRKALSRQEMQEVQSSRSGRGGNFGFGDSRGG;HTINGHNAEVRKALSRQEMQEVQSSRSGRGGNFGFGDSRGGGGNFGPGPGS;NGHNAEVRKALSRQEMQEVQSSRSGRGGNFGFGDSRGGGGNFGPGPGSNFR;RGGNFGFGDSRGGGGNFGPGPGSNFRGGSDGYGSGRGFGDGYNGYGGGPGG;RGGGGNFGPGPGSNFRGGSDGYGSGRGFGDGYNGYGGGPGGGNFGGSPGYG;GDGYNGYGGGPGGGNFGGSPGYGGGRGGYGGGGPGYGNQGGGYGGGYDNYG;YNDFGNYNQQPSNYGPMKSGNFGGSRNMGGPYGGGNYGPGGSGGSGGYGGR;RNMGGPYGGGNYGPGGSGGSGGYGGRSRY;MGGPYGGGNYGPGGSGGSGGYGGRSRY
P04256,Rattus norvegicus (Rat),Dimethylated arginine; alternate,194,EPEQLRKLFIG;TDESLRSHFEQ;DCVVMRDPNTK;DPNTKRSRGFG;NTKRSRGFGFV;AAMNARPHKVD;HKVDGRVVEPK;VVEPKRAVSRE;KRAVSREDSQR;REDSQRPGAHL;EEHHLRDYFEQ;EIMTDRGSGKK;GSGKKRGFAFV;HNCEVRKALCK;SSQRGRSGSGN;NFGGGRGGGFG;NDNFGRGGNFS;GNFSGRGGFGG;GFGGSRGGGGY;GNFGGRSSGPY;YFAKPRNQGGY;SYGSGRRF;YGSGRRF,PKEPEQLRKLFIGGL;ETTDESLRSHFEQWG;LTDCVVMRDPNTKRS;MRDPNTKRSRGFGFV;DPNTKRSRGFGFVTY;VDAAMNARPHKVDGR;RPHKVDGRVVEPKRA;GRVVEPKRAVSREDS;EPKRAVSREDSQRPG;VSREDSQRPGAHLTV;DTEEHHLRDYFEQYG;VIEIMTDRGSGKKRG;DRGSGKKRGFAFVTF;NGHNCEVRKALCKQE;ASSSQRGRSGSGNFG;SGNFGGGRGGGFGGN;GGNDNFGRGGNFSGR;RGGNFSGRGGFGGSR;RGGFGGSRGGGGYGG;KGGNFGGRSSGPYGG;GQYFAKPRNQGGYGG;SSSYGSGRRF;SSYGSGRRF,SKSESPKEPEQLRKLFIGGLSFETT;GGLSFETTDESLRSHFEQWGTLTDC;EQWGTLTDCVVMRDPNTKRSRGFGF;TDCVVMRDPNTKRSRGFGFVTYATV;CVVMRDPNTKRSRGFGFVTYATVEE;ATVEEVDAAMNARPHKVDGRVVEPK;AAMNARPHKVDGRVVEPKRAVSRED;PHKVDGRVVEPKRAVSREDSQRPGA;DGRVVEPKRAVSREDSQRPGAHLTV;EPKRAVSREDSQRPGAHLTVKKIFV;GGIKEDTEEHHLRDYFEQYGKIEVI;YGKIEVIEIMTDRGSGKKRGFAFVT;IEIMTDRGSGKKRGFAFVTFDDHDS;KYHTVNGHNCEVRKALCKQEMASAS;QEMASASSSQRGRSGSGNFGGGRGG;RGRSGSGNFGGGRGGGFGGNDNFGR;RGGGFGGNDNFGRGGNFSGRGGFGG;NDNFGRGGNFSGRGGFGGSRGGGGY;GNFSGRGGFGGSRGGGGYGGSGDGY;NFGPMKGGNFGGRSSGPYGGGGQYF;PYGGGGQYFAKPRNQGGYGGSSSSS;GGSSSSSSYGSGRRF;GSSSSSSYGSGRRF,MSKSESPKEPEQLRKLFIGGLSFETTDESLRSHFEQWGT;SPKEPEQLRKLFIGGLSFETTDESLRSHFEQWGTLTDCVVMRDPNTKRSRG;SFETTDESLRSHFEQWGTLTDCVVMRDPNTKRSRGFGFVTYATVEEVDAAM;ESLRSHFEQWGTLTDCVVMRDPNTKRSRGFGFVTYATVEEVDAAMNARPHK;LRSHFEQWGTLTDCVVMRDPNTKRSRGFGFVTYATVEEVDAAMNARPHKVD;NTKRSRGFGFVTYATVEEVDAAMNARPHKVDGRVVEPKRAVSREDSQRPGA;FGFVTYATVEEVDAAMNARPHKVDGRVVEPKRAVSREDSQRPGAHLTVKKI;ATVEEVDAAMNARPHKVDGRVVEPKRAVSREDSQRPGAHLTVKKIFVGGIK;EVDAAMNARPHKVDGRVVEPKRAVSREDSQRPGAHLTVKKIFVGGIKEDTE;MNARPHKVDGRVVEPKRAVSREDSQRPGAHLTVKKIFVGGIKEDTEEHHLR;RPGAHLTVKKIFVGGIKEDTEEHHLRDYFEQYGKIEVIEIMTDRGSGKKRG;DTEEHHLRDYFEQYGKIEVIEIMTDRGSGKKRGFAFVTFDDHDSVDKIVIQ;LRDYFEQYGKIEVIEIMTDRGSGKKRGFAFVTFDDHDSVDKIVIQKYHTVN;FDDHDSVDKIVIQKYHTVNGHNCEVRKALCKQEMASASSSQRGRSGSGNFG;NGHNCEVRKALCKQEMASASSSQRGRSGSGNFGGGRGGGFGGNDNFGRGGN;LCKQEMASASSSQRGRSGSGNFGGGRGGGFGGNDNFGRGGNFSGRGGFGGS;QRGRSGSGNFGGGRGGGFGGNDNFGRGGNFSGRGGFGGSRGGGGYGGSGDG;GNFGGGRGGGFGGNDNFGRGGNFSGRGGFGGSRGGGGYGGSGDGYNGFGND;GGGFGGNDNFGRGGNFSGRGGFGGSRGGGGYGGSGDGYNGFGNDGSNFGGG;SYNDFGNYNNQSSNFGPMKGGNFGGRSSGPYGGGGQYFAKPRNQGGYGGSS;PMKGGNFGGRSSGPYGGGGQYFAKPRNQGGYGGSSSSSSYGSGRRF;GQYFAKPRNQGGYGGSSSSSSYGSGRRF;QYFAKPRNQGGYGGSSSSSSYGSGRRF
P04256,Rattus norvegicus (Rat),Dimethylated arginine; alternate,206,EPEQLRKLFIG;TDESLRSHFEQ;DCVVMRDPNTK;DPNTKRSRGFG;NTKRSRGFGFV;AAMNARPHKVD;HKVDGRVVEPK;VVEPKRAVSRE;KRAVSREDSQR;REDSQRPGAHL;EEHHLRDYFEQ;EIMTDRGSGKK;GSGKKRGFAFV;HNCEVRKALCK;ASSSQRGRSGS;SSQRGRSGSGN;NDNFGRGGNFS;GNFSGRGGFGG;GFGGSRGGGGY;GNFGGRSSGPY;YFAKPRNQGGY;SYGSGRRF;YGSGRRF,PKEPEQLRKLFIGGL;ETTDESLRSHFEQWG;LTDCVVMRDPNTKRS;MRDPNTKRSRGFGFV;DPNTKRSRGFGFVTY;VDAAMNARPHKVDGR;RPHKVDGRVVEPKRA;GRVVEPKRAVSREDS;EPKRAVSREDSQRPG;VSREDSQRPGAHLTV;DTEEHHLRDYFEQYG;VIEIMTDRGSGKKRG;DRGSGKKRGFAFVTF;NGHNCEVRKALCKQE;ASASSSQRGRSGSGN;ASSSQRGRSGSGNFG;GGNDNFGRGGNFSGR;RGGNFSGRGGFGGSR;RGGFGGSRGGGGYGG;KGGNFGGRSSGPYGG;GQYFAKPRNQGGYGG;SSSYGSGRRF;SSYGSGRRF,SKSESPKEPEQLRKLFIGGLSFETT;GGLSFETTDESLRSHFEQWGTLTDC;EQWGTLTDCVVMRDPNTKRSRGFGF;TDCVVMRDPNTKRSRGFGFVTYATV;CVVMRDPNTKRSRGFGFVTYATVEE;ATVEEVDAAMNARPHKVDGRVVEPK;AAMNARPHKVDGRVVEPKRAVSRED;PHKVDGRVVEPKRAVSREDSQRPGA;DGRVVEPKRAVSREDSQRPGAHLTV;EPKRAVSREDSQRPGAHLTVKKIFV;GGIKEDTEEHHLRDYFEQYGKIEVI;YGKIEVIEIMTDRGSGKKRGFAFVT;IEIMTDRGSGKKRGFAFVTFDDHDS;KYHTVNGHNCEVRKALCKQEMASAS;CKQEMASASSSQRGRSGSGNFGGGR;QEMASASSSQRGRSGSGNFGGGRGG;RGGGFGGNDNFGRGGNFSGRGGFGG;NDNFGRGGNFSGRGGFGGSRGGGGY;GNFSGRGGFGGSRGGGGYGGSGDGY;NFGPMKGGNFGGRSSGPYGGGGQYF;PYGGGGQYFAKPRNQGGYGGSSSSS;GGSSSSSSYGSGRRF;GSSSSSSYGSGRRF,MSKSESPKEPEQLRKLFIGGLSFETTDESLRSHFEQWGT;SPKEPEQLRKLFIGGLSFETTDESLRSHFEQWGTLTDCVVMRDPNTKRSRG;SFETTDESLRSHFEQWGTLTDCVVMRDPNTKRSRGFGFVTYATVEEVDAAM;ESLRSHFEQWGTLTDCVVMRDPNTKRSRGFGFVTYATVEEVDAAMNARPHK;LRSHFEQWGTLTDCVVMRDPNTKRSRGFGFVTYATVEEVDAAMNARPHKVD;NTKRSRGFGFVTYATVEEVDAAMNARPHKVDGRVVEPKRAVSREDSQRPGA;FGFVTYATVEEVDAAMNARPHKVDGRVVEPKRAVSREDSQRPGAHLTVKKI;ATVEEVDAAMNARPHKVDGRVVEPKRAVSREDSQRPGAHLTVKKIFVGGIK;EVDAAMNARPHKVDGRVVEPKRAVSREDSQRPGAHLTVKKIFVGGIKEDTE;MNARPHKVDGRVVEPKRAVSREDSQRPGAHLTVKKIFVGGIKEDTEEHHLR;RPGAHLTVKKIFVGGIKEDTEEHHLRDYFEQYGKIEVIEIMTDRGSGKKRG;DTEEHHLRDYFEQYGKIEVIEIMTDRGSGKKRGFAFVTFDDHDSVDKIVIQ;LRDYFEQYGKIEVIEIMTDRGSGKKRGFAFVTFDDHDSVDKIVIQKYHTVN;FDDHDSVDKIVIQKYHTVNGHNCEVRKALCKQEMASASSSQRGRSGSGNFG;TVNGHNCEVRKALCKQEMASASSSQRGRSGSGNFGGGRGGGFGGNDNFGRG;NGHNCEVRKALCKQEMASASSSQRGRSGSGNFGGGRGGGFGGNDNFGRGGN;QRGRSGSGNFGGGRGGGFGGNDNFGRGGNFSGRGGFGGSRGGGGYGGSGDG;GNFGGGRGGGFGGNDNFGRGGNFSGRGGFGGSRGGGGYGGSGDGYNGFGND;GGGFGGNDNFGRGGNFSGRGGFGGSRGGGGYGGSGDGYNGFGNDGSNFGGG;SYNDFGNYNNQSSNFGPMKGGNFGGRSSGPYGGGGQYFAKPRNQGGYGGSS;PMKGGNFGGRSSGPYGGGGQYFAKPRNQGGYGGSSSSSSYGSGRRF;GQYFAKPRNQGGYGGSSSSSSYGSGRRF;QYFAKPRNQGGYGGSSSSSSYGSGRRF
P04256,Rattus norvegicus (Rat),Dimethylated arginine; alternate,225,EPEQLRKLFIG;TDESLRSHFEQ;DCVVMRDPNTK;DPNTKRSRGFG;NTKRSRGFGFV;AAMNARPHKVD;HKVDGRVVEPK;VVEPKRAVSRE;KRAVSREDSQR;REDSQRPGAHL;EEHHLRDYFEQ;EIMTDRGSGKK;GSGKKRGFAFV;HNCEVRKALCK;ASSSQRGRSGS;SSQRGRSGSGN;NFGGGRGGGFG;NDNFGRGGNFS;GFGGSRGGGGY;GNFGGRSSGPY;YFAKPRNQGGY;SYGSGRRF;YGSGRRF,PKEPEQLRKLFIGGL;ETTDESLRSHFEQWG;LTDCVVMRDPNTKRS;MRDPNTKRSRGFGFV;DPNTKRSRGFGFVTY;VDAAMNARPHKVDGR;RPHKVDGRVVEPKRA;GRVVEPKRAVSREDS;EPKRAVSREDSQRPG;VSREDSQRPGAHLTV;DTEEHHLRDYFEQYG;VIEIMTDRGSGKKRG;DRGSGKKRGFAFVTF;NGHNCEVRKALCKQE;ASASSSQRGRSGSGN;ASSSQRGRSGSGNFG;SGNFGGGRGGGFGGN;GGNDNFGRGGNFSGR;RGGFGGSRGGGGYGG;KGGNFGGRSSGPYGG;GQYFAKPRNQGGYGG;SSSYGSGRRF;SSYGSGRRF,SKSESPKEPEQLRKLFIGGLSFETT;GGLSFETTDESLRSHFEQWGTLTDC;EQWGTLTDCVVMRDPNTKRSRGFGF;TDCVVMRDPNTKRSRGFGFVTYATV;CVVMRDPNTKRSRGFGFVTYATVEE;ATVEEVDAAMNARPHKVDGRVVEPK;AAMNARPHKVDGRVVEPKRAVSRED;PHKVDGRVVEPKRAVSREDSQRPGA;DGRVVEPKRAVSREDSQRPGAHLTV;EPKRAVSREDSQRPGAHLTVKKIFV;GGIKEDTEEHHLRDYFEQYGKIEVI;YGKIEVIEIMTDRGSGKKRGFAFVT;IEIMTDRGSGKKRGFAFVTFDDHDS;KYHTVNGHNCEVRKALCKQEMASAS;CKQEMASASSSQRGRSGSGNFGGGR;QEMASASSSQRGRSGSGNFGGGRGG;RGRSGSGNFGGGRGGGFGGNDNFGR;RGGGFGGNDNFGRGGNFSGRGGFGG;GNFSGRGGFGGSRGGGGYGGSGDGY;NFGPMKGGNFGGRSSGPYGGGGQYF;PYGGGGQYFAKPRNQGGYGGSSSSS;GGSSSSSSYGSGRRF;GSSSSSSYGSGRRF,MSKSESPKEPEQLRKLFIGGLSFETTDESLRSHFEQWGT;SPKEPEQLRKLFIGGLSFETTDESLRSHFEQWGTLTDCVVMRDPNTKRSRG;SFETTDESLRSHFEQWGTLTDCVVMRDPNTKRSRGFGFVTYATVEEVDAAM;ESLRSHFEQWGTLTDCVVMRDPNTKRSRGFGFVTYATVEEVDAAMNARPHK;LRSHFEQWGTLTDCVVMRDPNTKRSRGFGFVTYATVEEVDAAMNARPHKVD;NTKRSRGFGFVTYATVEEVDAAMNARPHKVDGRVVEPKRAVSREDSQRPGA;FGFVTYATVEEVDAAMNARPHKVDGRVVEPKRAVSREDSQRPGAHLTVKKI;ATVEEVDAAMNARPHKVDGRVVEPKRAVSREDSQRPGAHLTVKKIFVGGIK;EVDAAMNARPHKVDGRVVEPKRAVSREDSQRPGAHLTVKKIFVGGIKEDTE;MNARPHKVDGRVVEPKRAVSREDSQRPGAHLTVKKIFVGGIKEDTEEHHLR;RPGAHLTVKKIFVGGIKEDTEEHHLRDYFEQYGKIEVIEIMTDRGSGKKRG;DTEEHHLRDYFEQYGKIEVIEIMTDRGSGKKRGFAFVTFDDHDSVDKIVIQ;LRDYFEQYGKIEVIEIMTDRGSGKKRGFAFVTFDDHDSVDKIVIQKYHTVN;FDDHDSVDKIVIQKYHTVNGHNCEVRKALCKQEMASASSSQRGRSGSGNFG;TVNGHNCEVRKALCKQEMASASSSQRGRSGSGNFGGGRGGGFGGNDNFGRG;NGHNCEVRKALCKQEMASASSSQRGRSGSGNFGGGRGGGFGGNDNFGRGGN;LCKQEMASASSSQRGRSGSGNFGGGRGGGFGGNDNFGRGGNFSGRGGFGGS;QRGRSGSGNFGGGRGGGFGGNDNFGRGGNFSGRGGFGGSRGGGGYGGSGDG;GGGFGGNDNFGRGGNFSGRGGFGGSRGGGGYGGSGDGYNGFGNDGSNFGGG;SYNDFGNYNNQSSNFGPMKGGNFGGRSSGPYGGGGQYFAKPRNQGGYGGSS;PMKGGNFGGRSSGPYGGGGQYFAKPRNQGGYGGSSSSSSYGSGRRF;GQYFAKPRNQGGYGGSSSSSSYGSGRRF;QYFAKPRNQGGYGGSSSSSSYGSGRRF
P15389,Rattus norvegicus (Rat),Dimethylated arginine; alternate,527,NLLLPRGTSSF;GTSSFRRFTRE;TSSFRRFTRES;FRRFTRESLAA;AAIEKRMAEKQ;AEKQARGGSAT;TSQESREGLQE;EEEAPRPQLDL;YGNPPRELIGE;GKTIFRFSATN;PFHPVRRAAVK;FHPVRRAAVKI;VKILARGFCLH;AFTFLRDPWNW;NVSALRTFRVL;ALRTFRVLRAL;TFRVLRALKTI;FMGNLRHKCVR;RHKCVRNFTEL;CPEGYRCLKAG;FLALFRLMTQD;QDCWERLYQQT;YQQTLRSAGKI;EEKEKRFQEAM;EALTIRGVDTV;VDTVSRSSLEM;VTNHERKSKRR;ERKSKRRKRLS;RKSKRRKRLSS;SKRRKRLSSGT;DGGDDRLPKSD;SEDGPRALNQL;THGLSRTSMRP;SRTSMRPRSSR;TSMRPRSSRGS;SIFTFRRRDQG;IFTFRRRDQGS;FTFRRRDQGSE;ESESHRTSLLV;VPWPLRHPSAQ;VLNGKRNSTVD;GSYLLRPMVLD;PMVLDRPPDTT;EEPGARQRALS;PGARQRALSAV;LEESHRKCPPC;PPCWNRFAQHY;ELGLSRMGNLS;NLSVLRSFRLL;VLRSFRLLRVF;SFRLLRVFKLA;NYSELRHRISD;SELRHRISDSG;SGLLPRWHMMD;FLIIFRILCGE;QLALARIQRGL;LARIQRGLRFV;IQRGLRFVKRT;LRFVKRTTWDF;CCGILRRRPKK;CGILRRRPKKP;GILRRRPKKPA;CITAPRSPPPP;KVPPARKETRF;ARKETRFEEDK;FEEDKRPGQGT;PYQEPRAWSQV;TEGCVRRCPCC;EGCVRRCPCCM;GKVWWRLRKTC;VWWRLRKTCYR;RKTCYRIVEHS;IYLEERKTIKV;PIKSLRTLRAL;SLRTLRALRPL;TLRALRPLRAL;ALRPLRALSRF;LRALSRFEGMR;RFEGMRVVVNA;AGKFGRCINQT;AAVDSRGYEEQ;QKPIPRPLNKY;KMAALRHYYFT;SPTLFRVIRLA;LFRVIRLARIG;VIRLARIGRIL;LARIGRILRLI;IGRILRLIRGA;ILRLIRGAKGI;GAKGIRTLLFA;NSNGSRGNCGS;LSEPLRIAKPN;MVSGDRIHCMD;FAFTKRVLGES;ITTTLRRKHEE;TTTLRRKHEEV;ATVIQRAFRRH;IQRAFRRHLLQ;QRAFRRHLLQR;RHLLQRSVKHA;ASFLFRQQAGG;EDAPEREGLIA;NGNFSRRSAPL;GNFSRRSAPLS;YDSVTRATSDN;DNLPVRASDYS;ASDYSRSEDLA;PPSPDRDRESI;SPDRDRESIV,MANLLLPRGTSSFRR;PRGTSSFRRFTRESL;RGTSSFRRFTRESLA;SSFRRFTRESLAAIE;SLAAIEKRMAEKQAR;RMAEKQARGGSATSQ;SATSQESREGLQEEE;LQEEEAPRPQLDLQA;DLYGNPPRELIGEPL;NKGKTIFRFSATNAL;LSPFHPVRRAAVKIL;SPFHPVRRAAVKILV;SLVKILARGFCLHAF;LHAFTFLRDPWNWLD;LGNVSALRTFRVLRA;VSALRTFRVLRALKT;LRTFRVLRALKTISV;QLFMGNLRHKCVRNF;NLRHKCVRNFTELNG;GTCPEGYRCLKAGEN;WAFLALFRLMTQDCW;MTQDCWERLYQQTLR;RLYQQTLRSAGKIYM;ETEEKEKRFQEAMEM;EHEALTIRGVDTVSR;RGVDTVSRSSLEMSP;APVTNHERKSKRRKR;NHERKSKRRKRLSSG;HERKSKRRKRLSSGT;RKSKRRKRLSSGTED;TEDGGDDRLPKSDSE;SDSEDGPRALNQLSL;SLTHGLSRTSMRPRS;GLSRTSMRPRSSRGS;SRTSMRPRSSRGSIF;RGSIFTFRRRDQGSE;GSIFTFRRRDQGSEA;SIFTFRRRDQGSEAD;AGESESHRTSLLVPW;LLVPWPLRHPSAQGQ;GYVLNGKRNSTVDCN;SPGSYLLRPMVLDRP;LRPMVLDRPPDTTTP;GFEEPGARQRALSAV;EEPGARQRALSAVSV;EELEESHRKCPPCWN;KCPPCWNRFAQHYLI;LMELGLSRMGNLSVL;MGNLSVLRSFRLLRV;LSVLRSFRLLRVFKL;LRSFRLLRVFKLAKS;GKNYSELRHRISDSG;NYSELRHRISDSGLL;SDSGLLPRWHMMDFF;HAFLIIFRILCGEWI;NLQLALARIQRGLRF;LALARIQRGLRFVKR;ARIQRGLRFVKRTTW;RGLRFVKRTTWDFCC;DFCCGILRRRPKKPA;FCCGILRRRPKKPAA;CCGILRRRPKKPAAL;PSCITAPRSPPPPEV;VEKVPPARKETRFEE;PPARKETRFEEDKRP;TRFEEDKRPGQGTPG;HEPYQEPRAWSQVSE;CFTEGCVRRCPCCMV;FTEGCVRRCPCCMVD;SPGKVWWRLRKTCYR;GKVWWRLRKTCYRIV;RLRKTCYRIVEHSWF;EDIYLEERKTIKVLL;MGPIKSLRTLRALRP;IKSLRTLRALRPLRA;LRTLRALRPLRALSR;LRALRPLRALSRFEG;RPLRALSRFEGMRVV;LSRFEGMRVVVNALV;LFAGKFGRCINQTEG;MYAAVDSRGYEEQPQ;KPQKPIPRPLNKYQG;IVKMAALRHYYFTNS;FFSPTLFRVIRLARI;PTLFRVIRLARIGRI;FRVIRLARIGRILRL;IRLARIGRILRLIRG;ARIGRILRLIRGAKG;GRILRLIRGAKGIRT;IRGAKGIRTLLFALM;LPNSNGSRGNCGSPA;DALSEPLRIAKPNQI;LPMVSGDRIHCMDIL;ILFAFTKRVLGESGE;EPITTTLRRKHEEVS;PITTTLRRKHEEVSA;VSATVIQRAFRRHLL;TVIQRAFRRHLLQRS;VIQRAFRRHLLQRSV;FRRHLLQRSVKHASF;KHASFLFRQQAGGSG;SDEDAPEREGLIAYM;MMNGNFSRRSAPLSS;MNGNFSRRSAPLSSS;PSYDSVTRATSDNLP;TSDNLPVRASDYSRS;VRASDYSRSEDLADF;DFPPSPDRDRESIV;PPSPDRDRESIV,MANLLLPRGTSSFRRFTRES;ANLLLPRGTSSFRRFTRESLAAIEK;NLLLPRGTSSFRRFTRESLAAIEKR;LPRGTSSFRRFTRESLAAIEKRMAE;RFTRESLAAIEKRMAEKQARGGSAT;AAIEKRMAEKQARGGSATSQESREG;QARGGSATSQESREGLQEEEAPRPQ;ESREGLQEEEAPRPQLDLQASKKLP;SKKLPDLYGNPPRELIGEPLEDLDP;TFIVLNKGKTIFRFSATNALYVLSP;NALYVLSPFHPVRRAAVKILVHSLF;ALYVLSPFHPVRRAAVKILVHSLFS;IYTFESLVKILARGFCLHAFTFLRD;ARGFCLHAFTFLRDPWNWLDFSVIV;TEFVDLGNVSALRTFRVLRALKTIS;VDLGNVSALRTFRVLRALKTISVIS;GNVSALRTFRVLRALKTISVISGLK;ALIGLQLFMGNLRHKCVRNFTELNG;QLFMGNLRHKCVRNFTELNGTNGSV;NSSDAGTCPEGYRCLKAGENPDHGY;FDSFAWAFLALFRLMTQDCWERLYQ;ALFRLMTQDCWERLYQQTLRSAGKI;QDCWERLYQQTLRSAGKIYMIFFML;QATIAETEEKEKRFQEAMEMLKKEH;EMLKKEHEALTIRGVDTVSRSSLEM;EALTIRGVDTVSRSSLEMSPLAPVT;EMSPLAPVTNHERKSKRRKRLSSGT;LAPVTNHERKSKRRKRLSSGTEDGG;APVTNHERKSKRRKRLSSGTEDGGD;VTNHERKSKRRKRLSSGTEDGGDDR;RLSSGTEDGGDDRLPKSDSEDGPRA;DRLPKSDSEDGPRALNQLSLTHGLS;ALNQLSLTHGLSRTSMRPRSSRGSI;LSLTHGLSRTSMRPRSSRGSIFTFR;LTHGLSRTSMRPRSSRGSIFTFRRR;RPRSSRGSIFTFRRRDQGSEADFAD;PRSSRGSIFTFRRRDQGSEADFADD;RSSRGSIFTFRRRDQGSEADFADDE;DENSTAGESESHRTSLLVPWPLRHP;SHRTSLLVPWPLRHPSAQGQPGPGA;GASAPGYVLNGKRNSTVDCNGVVSL;DAEATSPGSYLLRPMVLDRPPDTTT;PGSYLLRPMVLDRPPDTTTPSEEPG;APCADGFEEPGARQRALSAVSVLTS;CADGFEEPGARQRALSAVSVLTSAL;LTSALEELEESHRKCPPCWNRFAQH;EESHRKCPPCWNRFAQHYLIWECCP;IVILSLMELGLSRMGNLSVLRSFRL;LGLSRMGNLSVLRSFRLLRVFKLAK;SRMGNLSVLRSFRLLRVFKLAKSWP;GNLSVLRSFRLLRVFKLAKSWPTLN;GMQLFGKNYSELRHRISDSGLLPRW;QLFGKNYSELRHRISDSGLLPRWHM;LRHRISDSGLLPRWHMMDFFHAFLI;MMDFFHAFLIIFRILCGEWIETMWD;DGEMNNLQLALARIQRGLRFVKRTT;MNNLQLALARIQRGLRFVKRTTWDF;LQLALARIQRGLRFVKRTTWDFCCG;LARIQRGLRFVKRTTWDFCCGILRR;KRTTWDFCCGILRRRPKKPAALATH;RTTWDFCCGILRRRPKKPAALATHS;TTWDFCCGILRRRPKKPAALATHSQ;THSQLPSCITAPRSPPPPEVEKVPP;PPPPEVEKVPPARKETRFEEDKRPG;EVEKVPPARKETRFEEDKRPGQGTP;PARKETRFEEDKRPGQGTPGDSEPV;VVSGGHEPYQEPRAWSQVSETTSSE;KDPEDCFTEGCVRRCPCCMVDTTQS;DPEDCFTEGCVRRCPCCMVDTTQSP;VDTTQSPGKVWWRLRKTCYRIVEHS;TTQSPGKVWWRLRKTCYRIVEHSWF;GKVWWRLRKTCYRIVEHSWFETFII;GALAFEDIYLEERKTIKVLLEYADK;LGFAEMGPIKSLRTLRALRPLRALS;AEMGPIKSLRTLRALRPLRALSRFE;GPIKSLRTLRALRPLRALSRFEGMR;KSLRTLRALRPLRALSRFEGMRVVV;TLRALRPLRALSRFEGMRVVVNALV;RPLRALSRFEGMRVVVNALVGAIPS;IMGVNLFAGKFGRCINQTEGDLPLN;GWMDIMYAAVDSRGYEEQPQWEDNL;KLGSKKPQKPIPRPLNKYQGFIFDI;FTGECIVKMAALRHYYFTNSWNIFD;IIQKYFFSPTLFRVIRLARIGRILR;KYFFSPTLFRVIRLARIGRILRLIR;FSPTLFRVIRLARIGRILRLIRGAK;TLFRVIRLARIGRILRLIRGAKGIR;RVIRLARIGRILRLIRGAKGIRTLL;RLARIGRILRLIRGAKGIRTLLFAL;RILRLIRGAKGIRTLLFALMMSLPA;YCDPNLPNSNGSRGNCGSPAVGILF;LSDFADALSEPLRIAKPNQISLINM;LINMDLPMVSGDRIHCMDILFAFTK;IHCMDILFAFTKRVLGESGEMDALK;SKISYEPITTTLRRKHEEVSATVIQ;KISYEPITTTLRRKHEEVSATVIQR;RKHEEVSATVIQRAFRRHLLQRSVK;EEVSATVIQRAFRRHLLQRSVKHAS;EVSATVIQRAFRRHLLQRSVKHASF;VIQRAFRRHLLQRSVKHASFLFRQQ;LQRSVKHASFLFRQQAGGSGLSDED;GGSGLSDEDAPEREGLIAYMMNGNF;GLIAYMMNGNFSRRSAPLSSSSISS;LIAYMMNGNFSRRSAPLSSSSISST;STSFPPSYDSVTRATSDNLPVRASD;SVTRATSDNLPVRASDYSRSEDLAD;SDNLPVRASDYSRSEDLADFPPSPD;SEDLADFPPSPDRDRESIV;DLADFPPSPDRDRESIV,MANLLLPRGTSSFRRFTRESLAAIEKRMAEKQA;MANLLLPRGTSSFRRFTRESLAAIEKRMAEKQARGGSAT;MANLLLPRGTSSFRRFTRESLAAIEKRMAEKQARGGSATS;MANLLLPRGTSSFRRFTRESLAAIEKRMAEKQARGGSATSQES;ANLLLPRGTSSFRRFTRESLAAIEKRMAEKQARGGSATSQESREGLQEEEA;GTSSFRRFTRESLAAIEKRMAEKQARGGSATSQESREGLQEEEAPRPQLDL;ESLAAIEKRMAEKQARGGSATSQESREGLQEEEAPRPQLDLQASKKLPDLY;AEKQARGGSATSQESREGLQEEEAPRPQLDLQASKKLPDLYGNPPRELIGE;EEEAPRPQLDLQASKKLPDLYGNPPRELIGEPLEDLDPFYSTQKTFIVLNK;PLEDLDPFYSTQKTFIVLNKGKTIFRFSATNALYVLSPFHPVRRAAVKILV;LNKGKTIFRFSATNALYVLSPFHPVRRAAVKILVHSLFSMLIMCTILTNCV;NKGKTIFRFSATNALYVLSPFHPVRRAAVKILVHSLFSMLIMCTILTNCVF;PPWTKYVEYTFTAIYTFESLVKILARGFCLHAFTFLRDPWNWLDFSVIVMA;TAIYTFESLVKILARGFCLHAFTFLRDPWNWLDFSVIVMAYTTEFVDLGNV;NWLDFSVIVMAYTTEFVDLGNVSALRTFRVLRALKTISVISGLKTIVGALI;DFSVIVMAYTTEFVDLGNVSALRTFRVLRALKTISVISGLKTIVGALIQSV;VIVMAYTTEFVDLGNVSALRTFRVLRALKTISVISGLKTIVGALIQSVKKL;DVMVLTVFCLSVFALIGLQLFMGNLRHKCVRNFTELNGTNGSVEADGLVWN;TVFCLSVFALIGLQLFMGNLRHKCVRNFTELNGTNGSVEADGLVWNSLDVY;LLKNGTTDVLLCGNSSDAGTCPEGYRCLKAGENPDHGYTSFDSFAWAFLAL;LKAGENPDHGYTSFDSFAWAFLALFRLMTQDCWERLYQQTLRSAGKIYMIF;GYTSFDSFAWAFLALFRLMTQDCWERLYQQTLRSAGKIYMIFFMLVIFLGS;FAWAFLALFRLMTQDCWERLYQQTLRSAGKIYMIFFMLVIFLGSFYLVNLI;ILAVVAMAYEEQNQATIAETEEKEKRFQEAMEMLKKEHEALTIRGVDTVSR;ETEEKEKRFQEAMEMLKKEHEALTIRGVDTVSRSSLEMSPLAPVTNHERKS;RFQEAMEMLKKEHEALTIRGVDTVSRSSLEMSPLAPVTNHERKSKRRKRLS;TIRGVDTVSRSSLEMSPLAPVTNHERKSKRRKRLSSGTEDGGDDRLPKSDS;VDTVSRSSLEMSPLAPVTNHERKSKRRKRLSSGTEDGGDDRLPKSDSEDGP;DTVSRSSLEMSPLAPVTNHERKSKRRKRLSSGTEDGGDDRLPKSDSEDGPR;VSRSSLEMSPLAPVTNHERKSKRRKRLSSGTEDGGDDRLPKSDSEDGPRAL;PVTNHERKSKRRKRLSSGTEDGGDDRLPKSDSEDGPRALNQLSLTHGLSRT;RKRLSSGTEDGGDDRLPKSDSEDGPRALNQLSLTHGLSRTSMRPRSSRGSI;DRLPKSDSEDGPRALNQLSLTHGLSRTSMRPRSSRGSIFTFRRRDQGSEAD;KSDSEDGPRALNQLSLTHGLSRTSMRPRSSRGSIFTFRRRDQGSEADFADD;DSEDGPRALNQLSLTHGLSRTSMRPRSSRGSIFTFRRRDQGSEADFADDEN;QLSLTHGLSRTSMRPRSSRGSIFTFRRRDQGSEADFADDENSTAGESESHR;LSLTHGLSRTSMRPRSSRGSIFTFRRRDQGSEADFADDENSTAGESESHRT;SLTHGLSRTSMRPRSSRGSIFTFRRRDQGSEADFADDENSTAGESESHRTS;RRRDQGSEADFADDENSTAGESESHRTSLLVPWPLRHPSAQGQPGPGASAP;FADDENSTAGESESHRTSLLVPWPLRHPSAQGQPGPGASAPGYVLNGKRNS;PLRHPSAQGQPGPGASAPGYVLNGKRNSTVDCNGVVSLLGAGDAEATSPGS;VDCNGVVSLLGAGDAEATSPGSYLLRPMVLDRPPDTTTPSEEPGGPQMLTP;VSLLGAGDAEATSPGSYLLRPMVLDRPPDTTTPSEEPGGPQMLTPQAPCAD;SEEPGGPQMLTPQAPCADGFEEPGARQRALSAVSVLTSALEELEESHRKCP;EPGGPQMLTPQAPCADGFEEPGARQRALSAVSVLTSALEELEESHRKCPPC;PGARQRALSAVSVLTSALEELEESHRKCPPCWNRFAQHYLIWECCPLWMSI;SAVSVLTSALEELEESHRKCPPCWNRFAQHYLIWECCPLWMSIKQKVKFVV;YYFQQGWNIFDSIIVILSLMELGLSRMGNLSVLRSFRLLRVFKLAKSWPTL;IFDSIIVILSLMELGLSRMGNLSVLRSFRLLRVFKLAKSWPTLNTLIKIIG;SIIVILSLMELGLSRMGNLSVLRSFRLLRVFKLAKSWPTLNTLIKIIGNSV;VILSLMELGLSRMGNLSVLRSFRLLRVFKLAKSWPTLNTLIKIIGNSVGAL;LVLAIIVFIFAVVGMQLFGKNYSELRHRISDSGLLPRWHMMDFFHAFLIIF;LAIIVFIFAVVGMQLFGKNYSELRHRISDSGLLPRWHMMDFFHAFLIIFRI;VVGMQLFGKNYSELRHRISDSGLLPRWHMMDFFHAFLIIFRILCGEWIETM;HRISDSGLLPRWHMMDFFHAFLIIFRILCGEWIETMWDCMEVSGQSLCLLV;SSFSADNLTAPDEDGEMNNLQLALARIQRGLRFVKRTTWDFCCGILRRRPK;SADNLTAPDEDGEMNNLQLALARIQRGLRFVKRTTWDFCCGILRRRPKKPA;NLTAPDEDGEMNNLQLALARIQRGLRFVKRTTWDFCCGILRRRPKKPAALA;PDEDGEMNNLQLALARIQRGLRFVKRTTWDFCCGILRRRPKKPAALATHSQ;LALARIQRGLRFVKRTTWDFCCGILRRRPKKPAALATHSQLPSCITAPRSP;ALARIQRGLRFVKRTTWDFCCGILRRRPKKPAALATHSQLPSCITAPRSPP;LARIQRGLRFVKRTTWDFCCGILRRRPKKPAALATHSQLPSCITAPRSPPP;ILRRRPKKPAALATHSQLPSCITAPRSPPPPEVEKVPPARKETRFEEDKRP;HSQLPSCITAPRSPPPPEVEKVPPARKETRFEEDKRPGQGTPGDSEPVCVP;PSCITAPRSPPPPEVEKVPPARKETRFEEDKRPGQGTPGDSEPVCVPIAVA;PRSPPPPEVEKVPPARKETRFEEDKRPGQGTPGDSEPVCVPIAVAESDTED;LGTEEESSKQESQVVSGGHEPYQEPRAWSQVSETTSSEAGASTSQADWQQE;DLLEQIPDLGEDVKDPEDCFTEGCVRRCPCCMVDTTQSPGKVWWRLRKTCY;LLEQIPDLGEDVKDPEDCFTEGCVRRCPCCMVDTTQSPGKVWWRLRKTCYR;FTEGCVRRCPCCMVDTTQSPGKVWWRLRKTCYRIVEHSWFETFIIFMILLS;EGCVRRCPCCMVDTTQSPGKVWWRLRKTCYRIVEHSWFETFIIFMILLSSG;RCPCCMVDTTQSPGKVWWRLRKTCYRIVEHSWFETFIIFMILLSSGALAFE;FETFIIFMILLSSGALAFEDIYLEERKTIKVLLEYADKMFTYVFVLEMLLK;IVDVSLVSLVANTLGFAEMGPIKSLRTLRALRPLRALSRFEGMRVVVNALV;VSLVSLVANTLGFAEMGPIKSLRTLRALRPLRALSRFEGMRVVVNALVGAI;VSLVANTLGFAEMGPIKSLRTLRALRPLRALSRFEGMRVVVNALVGAIPSI;VANTLGFAEMGPIKSLRTLRALRPLRALSRFEGMRVVVNALVGAIPSIMNV;LGFAEMGPIKSLRTLRALRPLRALSRFEGMRVVVNALVGAIPSIMNVLLVC;MGPIKSLRTLRALRPLRALSRFEGMRVVVNALVGAIPSIMNVLLVCLIFWL;VLLVCLIFWLIFSIMGVNLFAGKFGRCINQTEGDLPLNYTIVNNKSECESF;AGYLALLQVATFKGWMDIMYAAVDSRGYEEQPQWEDNLYMYIYFVVFIIFG;MTEEQKKYYNAMKKLGSKKPQKPIPRPLNKYQGFIFDIVTKQAFDVTIMFL;NILAKINLLFVAIFTGECIVKMAALRHYYFTNSWNIFDFVVVILSIVGTVL;VVILSIVGTVLSDIIQKYFFSPTLFRVIRLARIGRILRLIRGAKGIRTLLF;LSIVGTVLSDIIQKYFFSPTLFRVIRLARIGRILRLIRGAKGIRTLLFALM;VGTVLSDIIQKYFFSPTLFRVIRLARIGRILRLIRGAKGIRTLLFALMMSL;VLSDIIQKYFFSPTLFRVIRLARIGRILRLIRGAKGIRTLLFALMMSLPAL;DIIQKYFFSPTLFRVIRLARIGRILRLIRGAKGIRTLLFALMMSLPALFNI;QKYFFSPTLFRVIRLARIGRILRLIRGAKGIRTLLFALMMSLPALFNIGLL;PTLFRVIRLARIGRILRLIRGAKGIRTLLFALMMSLPALFNIGLLLFLVMF;DGLLSPILNTGPPYCDPNLPNSNGSRGNCGSPAVGILFFTTYIIISFLIVV;FDPEATQFIEYLALSDFADALSEPLRIAKPNQISLINMDLPMVSGDRIHCM;SEPLRIAKPNQISLINMDLPMVSGDRIHCMDILFAFTKRVLGESGEMDALK;LINMDLPMVSGDRIHCMDILFAFTKRVLGESGEMDALKIQMEEKFMAANPS;KIQMEEKFMAANPSKISYEPITTTLRRKHEEVSATVIQRAFRRHLLQRSVK;IQMEEKFMAANPSKISYEPITTTLRRKHEEVSATVIQRAFRRHLLQRSVKH;SKISYEPITTTLRRKHEEVSATVIQRAFRRHLLQRSVKHASFLFRQQAGGS;SYEPITTTLRRKHEEVSATVIQRAFRRHLLQRSVKHASFLFRQQAGGSGLS;YEPITTTLRRKHEEVSATVIQRAFRRHLLQRSVKHASFLFRQQAGGSGLSD;TTLRRKHEEVSATVIQRAFRRHLLQRSVKHASFLFRQQAGGSGLSDEDAPE;SATVIQRAFRRHLLQRSVKHASFLFRQQAGGSGLSDEDAPEREGLIAYMMN;SVKHASFLFRQQAGGSGLSDEDAPEREGLIAYMMNGNFSRRSAPLSSSSIS;GSGLSDEDAPEREGLIAYMMNGNFSRRSAPLSSSSISSTSFPPSYDSVTRA;SGLSDEDAPEREGLIAYMMNGNFSRRSAPLSSSSISSTSFPPSYDSVTRAT;SRRSAPLSSSSISSTSFPPSYDSVTRATSDNLPVRASDYSRSEDLADFPPS;SSISSTSFPPSYDSVTRATSDNLPVRASDYSRSEDLADFPPSPDRDRESIV;SFPPSYDSVTRATSDNLPVRASDYSRSEDLADFPPSPDRDRESIV;SDNLPVRASDYSRSEDLADFPPSPDRDRESIV;NLPVRASDYSRSEDLADFPPSPDRDRESIV
P17136,Rattus norvegicus (Rat),Dimethylated arginine; alternate,108,QHIDYRMRCIL;IDYRMRCILQD;ILQDGRIFIGT;DCDEFRKIKPK;SKQAEREEKRV;EREEKRVLGLV;GLVLLRGENLV;DTGIARVPLAG;GRAAGRGIPAG;LAGPVRGVGGP;MTPQGRGTVAA;QYPPGRGGPPP;PPPMGRGAPPP;PPPGMRPPMGP;GIPPGRGTPMG;PPPGMRPPPPG;PPPGMRGLL,MLQHIDYRMRCILQD;QHIDYRMRCILQDGR;RCILQDGRIFIGTFK;LCDCDEFRKIKPKNS;KNSKQAEREEKRVLG;QAEREEKRVLGLVLL;VLGLVLLRGENLVSM;PKDTGIARVPLAGAA;GIGRAAGRGIPAGVP;AGLAGPVRGVGGPSQ;QVMTPQGRGTVAAAA;PTQYPPGRGGPPPPM;GPPPPMGRGAPPPGM;MGPPPGMRPPMGPPM;PMGIPPGRGTPMGMP;GMPPPGMRPPPPGMR;RPPPPGMRGLL,GKSSKMLQHIDYRMRCILQDGRIFI;SSKMLQHIDYRMRCILQDGRIFIGT;IDYRMRCILQDGRIFIGTFKAFDKH;HMNLILCDCDEFRKIKPKNSKQAER;RKIKPKNSKQAEREEKRVLGLVLLR;PKNSKQAEREEKRVLGLVLLRGENL;REEKRVLGLVLLRGENLVSMTVEGP;VEGPPPKDTGIARVPLAGAAGGPGI;AAGGPGIGRAAGRGIPAGVPMPQAP;MPQAPAGLAGPVRGVGGPSQQVMTP;GGPSQQVMTPQGRGTVAAAAAAATA;SIAGAPTQYPPGRGGPPPPMGRGAP;PPGRGGPPPPMGRGAPPPGMMGPPP;PPPGMMGPPPGMRPPMGPPMGIPPG;PPMGPPMGIPPGRGTPMGMPPPGMR;RGTPMGMPPPGMRPPPPGMRGLL;PPPGMRPPPPGMRGLL,MTVGKSSKMLQHIDYRMRCILQDGRIFIGTFKAFDKHMNLI;MTVGKSSKMLQHIDYRMRCILQDGRIFIGTFKAFDKHMNLILC;MTVGKSSKMLQHIDYRMRCILQDGRIFIGTFKAFDKHMNLILCDCDEFRK;GRIFIGTFKAFDKHMNLILCDCDEFRKIKPKNSKQAEREEKRVLGLVLLRG;KHMNLILCDCDEFRKIKPKNSKQAEREEKRVLGLVLLRGENLVSMTVEGPP;LILCDCDEFRKIKPKNSKQAEREEKRVLGLVLLRGENLVSMTVEGPPPKDT;FRKIKPKNSKQAEREEKRVLGLVLLRGENLVSMTVEGPPPKDTGIARVPLA;LVLLRGENLVSMTVEGPPPKDTGIARVPLAGAAGGPGIGRAAGRGIPAGVP;PKDTGIARVPLAGAAGGPGIGRAAGRGIPAGVPMPQAPAGLAGPVRGVGGP;GRAAGRGIPAGVPMPQAPAGLAGPVRGVGGPSQQVMTPQGRGTVAAAAAAA;QAPAGLAGPVRGVGGPSQQVMTPQGRGTVAAAAAAATASIAGAPTQYPPGR;RGTVAAAAAAATASIAGAPTQYPPGRGGPPPPMGRGAPPPGMMGPPPGMRP;AATASIAGAPTQYPPGRGGPPPPMGRGAPPPGMMGPPPGMRPPMGPPMGIP;GRGGPPPPMGRGAPPPGMMGPPPGMRPPMGPPMGIPPGRGTPMGMPPPGMR;PPPGMMGPPPGMRPPMGPPMGIPPGRGTPMGMPPPGMRPPPPGMRGLL;RPPMGPPMGIPPGRGTPMGMPPPGMRPPPPGMRGLL;MGIPPGRGTPMGMPPPGMRPPPPGMRGLL
P17136,Rattus norvegicus (Rat),Dimethylated arginine; alternate,112,QHIDYRMRCIL;IDYRMRCILQD;ILQDGRIFIGT;DCDEFRKIKPK;SKQAEREEKRV;EREEKRVLGLV;GLVLLRGENLV;DTGIARVPLAG;GPGIGRAAGRG;LAGPVRGVGGP;MTPQGRGTVAA;QYPPGRGGPPP;PPPMGRGAPPP;PPPGMRPPMGP;GIPPGRGTPMG;PPPGMRPPPPG;PPPGMRGLL,MLQHIDYRMRCILQD;QHIDYRMRCILQDGR;RCILQDGRIFIGTFK;LCDCDEFRKIKPKNS;KNSKQAEREEKRVLG;QAEREEKRVLGLVLL;VLGLVLLRGENLVSM;PKDTGIARVPLAGAA;AGGPGIGRAAGRGIP;AGLAGPVRGVGGPSQ;QVMTPQGRGTVAAAA;PTQYPPGRGGPPPPM;GPPPPMGRGAPPPGM;MGPPPGMRPPMGPPM;PMGIPPGRGTPMGMP;GMPPPGMRPPPPGMR;RPPPPGMRGLL,GKSSKMLQHIDYRMRCILQDGRIFI;SSKMLQHIDYRMRCILQDGRIFIGT;IDYRMRCILQDGRIFIGTFKAFDKH;HMNLILCDCDEFRKIKPKNSKQAER;RKIKPKNSKQAEREEKRVLGLVLLR;PKNSKQAEREEKRVLGLVLLRGENL;REEKRVLGLVLLRGENLVSMTVEGP;VEGPPPKDTGIARVPLAGAAGGPGI;PLAGAAGGPGIGRAAGRGIPAGVPM;MPQAPAGLAGPVRGVGGPSQQVMTP;GGPSQQVMTPQGRGTVAAAAAAATA;SIAGAPTQYPPGRGGPPPPMGRGAP;PPGRGGPPPPMGRGAPPPGMMGPPP;PPPGMMGPPPGMRPPMGPPMGIPPG;PPMGPPMGIPPGRGTPMGMPPPGMR;RGTPMGMPPPGMRPPPPGMRGLL;PPPGMRPPPPGMRGLL,MTVGKSSKMLQHIDYRMRCILQDGRIFIGTFKAFDKHMNLI;MTVGKSSKMLQHIDYRMRCILQDGRIFIGTFKAFDKHMNLILC;MTVGKSSKMLQHIDYRMRCILQDGRIFIGTFKAFDKHMNLILCDCDEFRK;GRIFIGTFKAFDKHMNLILCDCDEFRKIKPKNSKQAEREEKRVLGLVLLRG;KHMNLILCDCDEFRKIKPKNSKQAEREEKRVLGLVLLRGENLVSMTVEGPP;LILCDCDEFRKIKPKNSKQAEREEKRVLGLVLLRGENLVSMTVEGPPPKDT;FRKIKPKNSKQAEREEKRVLGLVLLRGENLVSMTVEGPPPKDTGIARVPLA;LVLLRGENLVSMTVEGPPPKDTGIARVPLAGAAGGPGIGRAAGRGIPAGVP;EGPPPKDTGIARVPLAGAAGGPGIGRAAGRGIPAGVPMPQAPAGLAGPVRG;GRAAGRGIPAGVPMPQAPAGLAGPVRGVGGPSQQVMTPQGRGTVAAAAAAA;QAPAGLAGPVRGVGGPSQQVMTPQGRGTVAAAAAAATASIAGAPTQYPPGR;RGTVAAAAAAATASIAGAPTQYPPGRGGPPPPMGRGAPPPGMMGPPPGMRP;AATASIAGAPTQYPPGRGGPPPPMGRGAPPPGMMGPPPGMRPPMGPPMGIP;GRGGPPPPMGRGAPPPGMMGPPPGMRPPMGPPMGIPPGRGTPMGMPPPGMR;PPPGMMGPPPGMRPPMGPPMGIPPGRGTPMGMPPPGMRPPPPGMRGLL;RPPMGPPMGIPPGRGTPMGMPPPGMRPPPPGMRGLL;MGIPPGRGTPMGMPPPGMRPPPPGMRGLL
P62997,Rattus norvegicus (Rat),Dimethylated arginine; alternate,241,QNYGERESRSA;GERESRSASRS;SRSASRSGSAH;SGKSARHTPAR;RHTPARSRSKE;TPARSRSKEDS;SKEDSRRSRSK;KEDSRRSRSKS;DSRRSRSKSRS;SRSKSRSRSES;SKSRSRSESRS;SRSESRSRSRR;SESRSRSRRSS;SRSRSRRSSRR;RSRSRRSSRRH;SRRSSRRHYTR;RRSSRRHYTRS;RRHYTRSRSRS;HYTRSRSRSRS;TRSRSRSRSHR;SRSRSRSHRRS;RSRSHRRSRSR;SRSHRRSRSRS;SHRRSRSRSYS;RRSRSRSYSRD;SRSYSRDYRRR;YSRDYRRRHSH;SRDYRRRHSHS;RDYRRRHSHSH;SPMSTRRRHVG;PMSTRRRHVGN;MSTRRRHVGNR;RHVGNRANPDP;LYTTERDLREV;TERDLREVFSK;YDQQSRRSRGF;DQQSRRSRGFA;QSRRSRGFAFV;KEAKERANGME;MELDGRRIRVD;ELDGRRIRVDF;DGRRIRVDFSI;FSITKRPHTPT;GIYMGRPTYGS;TYGSSRRRDYY;YGSSRRRDYYD;GSSRRRDYYDR;RDYYDRGYDRG;DRGYDRGYDDR;RGYDDRDYYSR;RDYYSRSYRGG;GGGGWRAAQDR;RAAQDRDQIYR;RDQIYRRRSPS;DQIYRRRSPSP;QIYRRRSPSPY;SPYYSRGGYRS;SRGGYRSRSRS;GGYRSRSRSRS;YRSRSRSRSYS;SRSRSRSYSPR;RSYSPRRY;SYSPRRY,GEQNYGERESRSASR;NYGERESRSASRSGS;RESRSASRSGSAHGS;HGSGKSARHTPARSR;SARHTPARSRSKEDS;RHTPARSRSKEDSRR;SRSKEDSRRSRSKSR;RSKEDSRRSRSKSRS;KEDSRRSRSKSRSRS;RRSRSKSRSRSESRS;SRSKSRSRSESRSRS;SRSRSESRSRSRRSS;SRSESRSRSRRSSRR;SESRSRSRRSSRRHY;ESRSRSRRSSRRHYT;SRSRRSSRRHYTRSR;RSRRSSRRHYTRSRS;SSRRHYTRSRSRSRS;RRHYTRSRSRSRSHR;HYTRSRSRSRSHRRS;TRSRSRSRSHRRSRS;RSRSRSHRRSRSRSY;SRSRSHRRSRSRSYS;SRSHRRSRSRSYSRD;SHRRSRSRSYSRDYR;SRSRSYSRDYRRRHS;RSYSRDYRRRHSHSH;SYSRDYRRRHSHSHS;YSRDYRRRHSHSHSP;SHSPMSTRRRHVGNR;HSPMSTRRRHVGNRA;SPMSTRRRHVGNRAN;RRRHVGNRANPDPNC;LSLYTTERDLREVFS;YTTERDLREVFSKYG;IVYDQQSRRSRGFAF;VYDQQSRRSRGFAFV;DQQSRRSRGFAFVYF;DAKEAKERANGMELD;NGMELDGRRIRVDFS;GMELDGRRIRVDFSI;ELDGRRIRVDFSITK;VDFSITKRPHTPTPG;TPGIYMGRPTYGSSR;RPTYGSSRRRDYYDR;PTYGSSRRRDYYDRG;TYGSSRRRDYYDRGY;RRRDYYDRGYDRGYD;YYDRGYDRGYDDRDY;YDRGYDDRDYYSRSY;DDRDYYSRSYRGGGG;GGGGGGWRAAQDRDQ;GWRAAQDRDQIYRRR;QDRDQIYRRRSPSPY;DRDQIYRRRSPSPYY;RDQIYRRRSPSPYYS;SPSPYYSRGGYRSRS;YYSRGGYRSRSRSRS;SRGGYRSRSRSRSYS;GGYRSRSRSRSYSPR;YRSRSRSRSYSPRRY;RSRSYSPRRY;SRSYSPRRY,MSDSGEQNYGERESRSASRSGSAH;DSGEQNYGERESRSASRSGSAHGSG;QNYGERESRSASRSGSAHGSGKSAR;RSGSAHGSGKSARHTPARSRSKEDS;HGSGKSARHTPARSRSKEDSRRSRS;SGKSARHTPARSRSKEDSRRSRSKS;HTPARSRSKEDSRRSRSKSRSRSES;TPARSRSKEDSRRSRSKSRSRSESR;ARSRSKEDSRRSRSKSRSRSESRSR;SKEDSRRSRSKSRSRSESRSRSRRS;EDSRRSRSKSRSRSESRSRSRRSSR;RSRSKSRSRSESRSRSRRSSRRHYT;RSKSRSRSESRSRSRRSSRRHYTRS;KSRSRSESRSRSRRSSRRHYTRSRS;SRSRSESRSRSRRSSRRHYTRSRSR;RSESRSRSRRSSRRHYTRSRSRSRS;SESRSRSRRSSRRHYTRSRSRSRSH;SRSRRSSRRHYTRSRSRSRSHRRSR;SRRSSRRHYTRSRSRSRSHRRSRSR;RSSRRHYTRSRSRSRSHRRSRSRSY;SRRHYTRSRSRSRSHRRSRSRSYSR;HYTRSRSRSRSHRRSRSRSYSRDYR;YTRSRSRSRSHRRSRSRSYSRDYRR;RSRSRSRSHRRSRSRSYSRDYRRRH;RSRSRSHRRSRSRSYSRDYRRRHSH;RSHRRSRSRSYSRDYRRRHSHSHSP;RRSRSRSYSRDYRRRHSHSHSPMST;RSRSRSYSRDYRRRHSHSHSPMSTR;SRSRSYSRDYRRRHSHSHSPMSTRR;RRHSHSHSPMSTRRRHVGNRANPDP;RHSHSHSPMSTRRRHVGNRANPDPN;HSHSHSPMSTRRRHVGNRANPDPNC;SPMSTRRRHVGNRANPDPNCCLGVF;LGVFGLSLYTTERDLREVFSKYGPI;FGLSLYTTERDLREVFSKYGPIADV;IADVSIVYDQQSRRSRGFAFVYFEN;ADVSIVYDQQSRRSRGFAFVYFENV;VSIVYDQQSRRSRGFAFVYFENVDD;FENVDDAKEAKERANGMELDGRRIR;AKERANGMELDGRRIRVDFSITKRP;KERANGMELDGRRIRVDFSITKRPH;RANGMELDGRRIRVDFSITKRPHTP;GRRIRVDFSITKRPHTPTPGIYMGR;RPHTPTPGIYMGRPTYGSSRRRDYY;GIYMGRPTYGSSRRRDYYDRGYDRG;IYMGRPTYGSSRRRDYYDRGYDRGY;YMGRPTYGSSRRRDYYDRGYDRGYD;TYGSSRRRDYYDRGYDRGYDDRDYY;SRRRDYYDRGYDRGYDDRDYYSRSY;YYDRGYDRGYDDRDYYSRSYRGGGG;YDRGYDDRDYYSRSYRGGGGGGGGW;SYRGGGGGGGGWRAAQDRDQIYRRR;GGGGGGWRAAQDRDQIYRRRSPSPY;GWRAAQDRDQIYRRRSPSPYYSRGG;WRAAQDRDQIYRRRSPSPYYSRGGY;RAAQDRDQIYRRRSPSPYYSRGGYR;IYRRRSPSPYYSRGGYRSRSRSRSY;RSPSPYYSRGGYRSRSRSRSYSPRR;PSPYYSRGGYRSRSRSRSYSPRRY;PYYSRGGYRSRSRSRSYSPRRY;YSRGGYRSRSRSRSYSPRRY;YRSRSRSRSYSPRRY;RSRSRSRSYSPRRY,MSDSGEQNYGERESRSASRSGSAHGSGKSARHTPARS;MSDSGEQNYGERESRSASRSGSAHGSGKSARHTPARSRSK;MSDSGEQNYGERESRSASRSGSAHGSGKSARHTPARSRSKEDSR;EQNYGERESRSASRSGSAHGSGKSARHTPARSRSKEDSRRSRSKSRSRSES;ERESRSASRSGSAHGSGKSARHTPARSRSKEDSRRSRSKSRSRSESRSRSR;ESRSASRSGSAHGSGKSARHTPARSRSKEDSRRSRSKSRSRSESRSRSRRS;RSGSAHGSGKSARHTPARSRSKEDSRRSRSKSRSRSESRSRSRRSSRRHYT;SGSAHGSGKSARHTPARSRSKEDSRRSRSKSRSRSESRSRSRRSSRRHYTR;SAHGSGKSARHTPARSRSKEDSRRSRSKSRSRSESRSRSRRSSRRHYTRSR;SGKSARHTPARSRSKEDSRRSRSKSRSRSESRSRSRRSSRRHYTRSRSRSR;KSARHTPARSRSKEDSRRSRSKSRSRSESRSRSRRSSRRHYTRSRSRSRSH;HTPARSRSKEDSRRSRSKSRSRSESRSRSRRSSRRHYTRSRSRSRSHRRSR;PARSRSKEDSRRSRSKSRSRSESRSRSRRSSRRHYTRSRSRSRSHRRSRSR;RSRSKEDSRRSRSKSRSRSESRSRSRRSSRRHYTRSRSRSRSHRRSRSRSY;SRSKEDSRRSRSKSRSRSESRSRSRRSSRRHYTRSRSRSRSHRRSRSRSYS;KEDSRRSRSKSRSRSESRSRSRRSSRRHYTRSRSRSRSHRRSRSRSYSRDY;EDSRRSRSKSRSRSESRSRSRRSSRRHYTRSRSRSRSHRRSRSRSYSRDYR;RSRSKSRSRSESRSRSRRSSRRHYTRSRSRSRSHRRSRSRSYSRDYRRRHS;RSKSRSRSESRSRSRRSSRRHYTRSRSRSRSHRRSRSRSYSRDYRRRHSHS;KSRSRSESRSRSRRSSRRHYTRSRSRSRSHRRSRSRSYSRDYRRRHSHSHS;RSRSESRSRSRRSSRRHYTRSRSRSRSHRRSRSRSYSRDYRRRHSHSHSPM;SESRSRSRRSSRRHYTRSRSRSRSHRRSRSRSYSRDYRRRHSHSHSPMSTR;ESRSRSRRSSRRHYTRSRSRSRSHRRSRSRSYSRDYRRRHSHSHSPMSTRR;RSRSRRSSRRHYTRSRSRSRSHRRSRSRSYSRDYRRRHSHSHSPMSTRRRH;RSRRSSRRHYTRSRSRSRSHRRSRSRSYSRDYRRRHSHSHSPMSTRRRHVG;SSRRHYTRSRSRSRSHRRSRSRSYSRDYRRRHSHSHSPMSTRRRHVGNRAN;RHYTRSRSRSRSHRRSRSRSYSRDYRRRHSHSHSPMSTRRRHVGNRANPDP;HYTRSRSRSRSHRRSRSRSYSRDYRRRHSHSHSPMSTRRRHVGNRANPDPN;YTRSRSRSRSHRRSRSRSYSRDYRRRHSHSHSPMSTRRRHVGNRANPDPNC;RRSRSRSYSRDYRRRHSHSHSPMSTRRRHVGNRANPDPNCCLGVFGLSLYT;RSRSRSYSRDYRRRHSHSHSPMSTRRRHVGNRANPDPNCCLGVFGLSLYTT;SRSRSYSRDYRRRHSHSHSPMSTRRRHVGNRANPDPNCCLGVFGLSLYTTE;YSRDYRRRHSHSHSPMSTRRRHVGNRANPDPNCCLGVFGLSLYTTERDLRE;HVGNRANPDPNCCLGVFGLSLYTTERDLREVFSKYGPIADVSIVYDQQSRR;NRANPDPNCCLGVFGLSLYTTERDLREVFSKYGPIADVSIVYDQQSRRSRG;ERDLREVFSKYGPIADVSIVYDQQSRRSRGFAFVYFENVDDAKEAKERANG;RDLREVFSKYGPIADVSIVYDQQSRRSRGFAFVYFENVDDAKEAKERANGM;LREVFSKYGPIADVSIVYDQQSRRSRGFAFVYFENVDDAKEAKERANGMEL;QQSRRSRGFAFVYFENVDDAKEAKERANGMELDGRRIRVDFSITKRPHTPT;AFVYFENVDDAKEAKERANGMELDGRRIRVDFSITKRPHTPTPGIYMGRPT;FVYFENVDDAKEAKERANGMELDGRRIRVDFSITKRPHTPTPGIYMGRPTY;YFENVDDAKEAKERANGMELDGRRIRVDFSITKRPHTPTPGIYMGRPTYGS;KEAKERANGMELDGRRIRVDFSITKRPHTPTPGIYMGRPTYGSSRRRDYYD;DGRRIRVDFSITKRPHTPTPGIYMGRPTYGSSRRRDYYDRGYDRGYDDRDY;DFSITKRPHTPTPGIYMGRPTYGSSRRRDYYDRGYDRGYDDRDYYSRSYRG;FSITKRPHTPTPGIYMGRPTYGSSRRRDYYDRGYDRGYDDRDYYSRSYRGG;SITKRPHTPTPGIYMGRPTYGSSRRRDYYDRGYDRGYDDRDYYSRSYRGGG;PHTPTPGIYMGRPTYGSSRRRDYYDRGYDRGYDDRDYYSRSYRGGGGGGGG;TPGIYMGRPTYGSSRRRDYYDRGYDRGYDDRDYYSRSYRGGGGGGGGWRAA;MGRPTYGSSRRRDYYDRGYDRGYDDRDYYSRSYRGGGGGGGGWRAAQDRDQ;YGSSRRRDYYDRGYDRGYDDRDYYSRSYRGGGGGGGGWRAAQDRDQIYRRR;YDRGYDDRDYYSRSYRGGGGGGGGWRAAQDRDQIYRRRSPSPYYSRGGYRS;DDRDYYSRSYRGGGGGGGGWRAAQDRDQIYRRRSPSPYYSRGGYRSRSRSR;YSRSYRGGGGGGGGWRAAQDRDQIYRRRSPSPYYSRGGYRSRSRSRSYSPR;SRSYRGGGGGGGGWRAAQDRDQIYRRRSPSPYYSRGGYRSRSRSRSYSPRR;RSYRGGGGGGGGWRAAQDRDQIYRRRSPSPYYSRGGYRSRSRSRSYSPRRY;GGGGWRAAQDRDQIYRRRSPSPYYSRGGYRSRSRSRSYSPRRY;WRAAQDRDQIYRRRSPSPYYSRGGYRSRSRSRSYSPRRY;AAQDRDQIYRRRSPSPYYSRGGYRSRSRSRSYSPRRY;QDRDQIYRRRSPSPYYSRGGYRSRSRSRSYSPRRY;RDQIYRRRSPSPYYSRGGYRSRSRSRSYSPRRY;RRRSPSPYYSRGGYRSRSRSRSYSPRRY;RRSPSPYYSRGGYRSRSRSRSYSPRRY
P63164,Rattus norvegicus (Rat),Dimethylated arginine; alternate,108,QHIDYRMRCIL;IDYRMRCILQD;ILQDGRIFIGT;DCDEFRKIKPK;AKQPEREEKRV;EREEKRVLGLV;GLVLLRGENLV;DTGIARVPLAG;GRAAGRGVPAG;LAGPVRGVGGP;MTPQGRGTVAA;QYPPGRGTPPP;PPPVGRATPPP;PPPGMRPPMGP;GLPPARGTPIG;PPPGMRPPPPG;PPPGIRGPPPP;PPPGMRPPRP;GMRPPRP,MLQHIDYRMRCILQD;QHIDYRMRCILQDGR;RCILQDGRIFIGTFK;LCDCDEFRKIKPKNA;KNAKQPEREEKRVLG;QPEREEKRVLGLVLL;VLGLVLLRGENLVSM;PKDTGIARVPLAGAA;GVGRAAGRGVPAGVP;AGLAGPVRGVGGPSQ;QVMTPQGRGTVAAAA;PTQYPPGRGTPPPPV;TPPPPVGRATPPPGI;MAPPPGMRPPMGPPI;PIGLPPARGTPIGMP;GMPPPGMRPPPPGIR;RPPPPGIRGPPPPGM;GPPPPGMRPPRP;PPGMRPPRP,GKSSKMLQHIDYRMRCILQDGRIFI;SSKMLQHIDYRMRCILQDGRIFIGT;IDYRMRCILQDGRIFIGTFKAFDKH;HMNLILCDCDEFRKIKPKNAKQPER;RKIKPKNAKQPEREEKRVLGLVLLR;PKNAKQPEREEKRVLGLVLLRGENL;REEKRVLGLVLLRGENLVSMTVEGP;VEGPPPKDTGIARVPLAGAAGGPGV;AAGGPGVGRAAGRGVPAGVPIPQAP;IPQAPAGLAGPVRGVGGPSQQVMTP;GGPSQQVMTPQGRGTVAAAAVAATA;SIAGAPTQYPPGRGTPPPPVGRATP;PPGRGTPPPPVGRATPPPGIMAPPP;PPPGIMAPPPGMRPPMGPPIGLPPA;PPMGPPIGLPPARGTPIGMPPPGMR;RGTPIGMPPPGMRPPPPGIRGPPPP;PPPGMRPPPPGIRGPPPPGMRPPRP;PPGIRGPPPPGMRPPRP;IRGPPPPGMRPPRP,MTVGKSSKMLQHIDYRMRCILQDGRIFIGTFKAFDKHMNLI;MTVGKSSKMLQHIDYRMRCILQDGRIFIGTFKAFDKHMNLILC;MTVGKSSKMLQHIDYRMRCILQDGRIFIGTFKAFDKHMNLILCDCDEFRK;GRIFIGTFKAFDKHMNLILCDCDEFRKIKPKNAKQPEREEKRVLGLVLLRG;KHMNLILCDCDEFRKIKPKNAKQPEREEKRVLGLVLLRGENLVSMTVEGPP;LILCDCDEFRKIKPKNAKQPEREEKRVLGLVLLRGENLVSMTVEGPPPKDT;FRKIKPKNAKQPEREEKRVLGLVLLRGENLVSMTVEGPPPKDTGIARVPLA;LVLLRGENLVSMTVEGPPPKDTGIARVPLAGAAGGPGVGRAAGRGVPAGVP;PKDTGIARVPLAGAAGGPGVGRAAGRGVPAGVPIPQAPAGLAGPVRGVGGP;GRAAGRGVPAGVPIPQAPAGLAGPVRGVGGPSQQVMTPQGRGTVAAAAVAA;QAPAGLAGPVRGVGGPSQQVMTPQGRGTVAAAAVAATASIAGAPTQYPPGR;RGTVAAAAVAATASIAGAPTQYPPGRGTPPPPVGRATPPPGIMAPPPGMRP;AATASIAGAPTQYPPGRGTPPPPVGRATPPPGIMAPPPGMRPPMGPPIGLP;GRGTPPPPVGRATPPPGIMAPPPGMRPPMGPPIGLPPARGTPIGMPPPGMR;PPPGIMAPPPGMRPPMGPPIGLPPARGTPIGMPPPGMRPPPPGIRGPPPPG;RPPMGPPIGLPPARGTPIGMPPPGMRPPPPGIRGPPPPGMRPPRP;IGLPPARGTPIGMPPPGMRPPPPGIRGPPPPGMRPPRP;TPIGMPPPGMRPPPPGIRGPPPPGMRPPRP;GMPPPGMRPPPPGIRGPPPPGMRPPRP
P63164,Rattus norvegicus (Rat),Dimethylated arginine; alternate,112,QHIDYRMRCIL;IDYRMRCILQD;ILQDGRIFIGT;DCDEFRKIKPK;AKQPEREEKRV;EREEKRVLGLV;GLVLLRGENLV;DTGIARVPLAG;GPGVGRAAGRG;LAGPVRGVGGP;MTPQGRGTVAA;QYPPGRGTPPP;PPPVGRATPPP;PPPGMRPPMGP;GLPPARGTPIG;PPPGMRPPPPG;PPPGIRGPPPP;PPPGMRPPRP;GMRPPRP,MLQHIDYRMRCILQD;QHIDYRMRCILQDGR;RCILQDGRIFIGTFK;LCDCDEFRKIKPKNA;KNAKQPEREEKRVLG;QPEREEKRVLGLVLL;VLGLVLLRGENLVSM;PKDTGIARVPLAGAA;AGGPGVGRAAGRGVP;AGLAGPVRGVGGPSQ;QVMTPQGRGTVAAAA;PTQYPPGRGTPPPPV;TPPPPVGRATPPPGI;MAPPPGMRPPMGPPI;PIGLPPARGTPIGMP;GMPPPGMRPPPPGIR;RPPPPGIRGPPPPGM;GPPPPGMRPPRP;PPGMRPPRP,GKSSKMLQHIDYRMRCILQDGRIFI;SSKMLQHIDYRMRCILQDGRIFIGT;IDYRMRCILQDGRIFIGTFKAFDKH;HMNLILCDCDEFRKIKPKNAKQPER;RKIKPKNAKQPEREEKRVLGLVLLR;PKNAKQPEREEKRVLGLVLLRGENL;REEKRVLGLVLLRGENLVSMTVEGP;VEGPPPKDTGIARVPLAGAAGGPGV;PLAGAAGGPGVGRAAGRGVPAGVPI;IPQAPAGLAGPVRGVGGPSQQVMTP;GGPSQQVMTPQGRGTVAAAAVAATA;SIAGAPTQYPPGRGTPPPPVGRATP;PPGRGTPPPPVGRATPPPGIMAPPP;PPPGIMAPPPGMRPPMGPPIGLPPA;PPMGPPIGLPPARGTPIGMPPPGMR;RGTPIGMPPPGMRPPPPGIRGPPPP;PPPGMRPPPPGIRGPPPPGMRPPRP;PPGIRGPPPPGMRPPRP;IRGPPPPGMRPPRP,MTVGKSSKMLQHIDYRMRCILQDGRIFIGTFKAFDKHMNLI;MTVGKSSKMLQHIDYRMRCILQDGRIFIGTFKAFDKHMNLILC;MTVGKSSKMLQHIDYRMRCILQDGRIFIGTFKAFDKHMNLILCDCDEFRK;GRIFIGTFKAFDKHMNLILCDCDEFRKIKPKNAKQPEREEKRVLGLVLLRG;KHMNLILCDCDEFRKIKPKNAKQPEREEKRVLGLVLLRGENLVSMTVEGPP;LILCDCDEFRKIKPKNAKQPEREEKRVLGLVLLRGENLVSMTVEGPPPKDT;FRKIKPKNAKQPEREEKRVLGLVLLRGENLVSMTVEGPPPKDTGIARVPLA;LVLLRGENLVSMTVEGPPPKDTGIARVPLAGAAGGPGVGRAAGRGVPAGVP;EGPPPKDTGIARVPLAGAAGGPGVGRAAGRGVPAGVPIPQAPAGLAGPVRG;GRAAGRGVPAGVPIPQAPAGLAGPVRGVGGPSQQVMTPQGRGTVAAAAVAA;QAPAGLAGPVRGVGGPSQQVMTPQGRGTVAAAAVAATASIAGAPTQYPPGR;RGTVAAAAVAATASIAGAPTQYPPGRGTPPPPVGRATPPPGIMAPPPGMRP;AATASIAGAPTQYPPGRGTPPPPVGRATPPPGIMAPPPGMRPPMGPPIGLP;GRGTPPPPVGRATPPPGIMAPPPGMRPPMGPPIGLPPARGTPIGMPPPGMR;PPPGIMAPPPGMRPPMGPPIGLPPARGTPIGMPPPGMRPPPPGIRGPPPPG;RPPMGPPIGLPPARGTPIGMPPPGMRPPPPGIRGPPPPGMRPPRP;IGLPPARGTPIGMPPPGMRPPPPGIRGPPPPGMRPPRP;TPIGMPPPGMRPPPPGIRGPPPPGMRPPRP;GMPPPGMRPPPPGIRGPPPPGMRPPRP
Q00715,Rattus norvegicus (Rat),Dimethylated arginine,79,EPAKSRPAPKK;KDGKERKRSRK;GKERKRSRKES;ERKRSRKESYS;NDIFERIAGER;RIAGERRLAHY;AHYNKRSTITS;STITSREIQTA;IQTAVRLLLPG,MPEPAKSRPAPKKGS;QKKDGKERKRSRKES;KDGKERKRSRKESYS;GKERKRSRKESYSVY;FVNDIFERIAGERRL;FERIAGERRLAHYNK;RLAHYNKRSTITSRE;KRSTITSREIQTAVR;REIQTAVRLLLPGEL,MPEPAKSRPAPKKGSKKAVT;AVTKAQKKDGKERKRSRKESYSVYV;TKAQKKDGKERKRSRKESYSVYVYK;AQKKDGKERKRSRKESYSVYVYKVL;GIMNSFVNDIFERIAGERRLAHYNK;FVNDIFERIAGERRLAHYNKRSTIT;IAGERRLAHYNKRSTITSREIQTAV;LAHYNKRSTITSREIQTAVRLLLPG;STITSREIQTAVRLLLPGELAKHAV,MPEPAKSRPAPKKGSKKAVTKAQKKDGKERKRS;AKSRPAPKKGSKKAVTKAQKKDGKERKRSRKESYSVYVYKVLKQVHPDTGI;SRPAPKKGSKKAVTKAQKKDGKERKRSRKESYSVYVYKVLKQVHPDTGISS;PAPKKGSKKAVTKAQKKDGKERKRSRKESYSVYVYKVLKQVHPDTGISSKA;QVHPDTGISSKAMGIMNSFVNDIFERIAGERRLAHYNKRSTITSREIQTAV;TGISSKAMGIMNSFVNDIFERIAGERRLAHYNKRSTITSREIQTAVRLLLP;GIMNSFVNDIFERIAGERRLAHYNKRSTITSREIQTAVRLLLPGELAKHAV;VNDIFERIAGERRLAHYNKRSTITSREIQTAVRLLLPGELAKHAVSEGTKA;IAGERRLAHYNKRSTITSREIQTAVRLLLPGELAKHAVSEGTKAVTKYTSS
Q00729,Rattus norvegicus (Rat),Dimethylated arginine,81,QKKEGRKRKRC;KEGRKRKRCRK;GRKRKRCRKES;KRKRCRKESYS;TDIFERIAGEA;AHYNKRSTITS;STITSREIQTA;IQTAVRLLLPG,KTQKKEGRKRKRCRK;QKKEGRKRKRCRKES;KEGRKRKRCRKESYS;GRKRKRCRKESYSIY;FVTDIFERIAGEASR;RLAHYNKRSTITSRE;KRSTITSREIQTAVR;REIQTAVRLLLPGEL,KKAVTKTQKKEGRKRKRCRKESYSI;AVTKTQKKEGRKRKRCRKESYSIYI;TKTQKKEGRKRKRCRKESYSIYIYK;TQKKEGRKRKRCRKESYSIYIYKVL;SIMNSFVTDIFERIAGEASRLAHYN;AGEASRLAHYNKRSTITSREIQTAV;LAHYNKRSTITSREIQTAVRLLLPG;STITSREIQTAVRLLLPGELAKHAV,VSAKGTTISKKGFKKAVTKTQKKEGRKRKRCRKESYSIYIYKVLKQVHPDT;AKGTTISKKGFKKAVTKTQKKEGRKRKRCRKESYSIYIYKVLKQVHPDTGI;GTTISKKGFKKAVTKTQKKEGRKRKRCRKESYSIYIYKVLKQVHPDTGISS;TISKKGFKKAVTKTQKKEGRKRKRCRKESYSIYIYKVLKQVHPDTGISSKA;QVHPDTGISSKAMSIMNSFVTDIFERIAGEASRLAHYNKRSTITSREIQTA;IMNSFVTDIFERIAGEASRLAHYNKRSTITSREIQTAVRLLLPGELAKHAV;TDIFERIAGEASRLAHYNKRSTITSREIQTAVRLLLPGELAKHAVSEGTKA;AGEASRLAHYNKRSTITSREIQTAVRLLLPGELAKHAVSEGTKAVTKYTSS
Q6URK4,Rattus norvegicus (Rat),Dimethylated arginine; alternate,52,KPPPGRPQPDS;QPDSGRRRRRR;PDSGRRRRRRG;DSGRRRRRRGE;SGRRRRRRGEE;GRRRRRRGEEG;RRRRRRGEEGH;EPEQLRKLFIG;DCVVMRDPQTK;DPQTKRSRGFG;QTKRSRGFGFV;AAMCARPHKVD;HKVDGRVVEPK;VVEPKRAVSRE;KRAVSREDSVK;EEYNLRDYFEK;EVMEDRQSGKK;QSGKKRGFAFV;SAGSQRGRGGG;GSQRGRGGGSG;GNFMGRGGNFG;GGNFGRGGNFG;GNFGGRGGYGG;GGGGSRGSYGG;PGYSSRGGYGG;GSFGGRSSGSP;GGYGSRRF;GYGSRRF,EVKPPPGRPQPDSGR;RPQPDSGRRRRRRGE;PQPDSGRRRRRRGEE;QPDSGRRRRRRGEEG;PDSGRRRRRRGEEGH;DSGRRRRRRGEEGHD;SGRRRRRRGEEGHDP;PKEPEQLRKLFIGGL;LTDCVVMRDPQTKRS;MRDPQTKRSRGFGFV;DPQTKRSRGFGFVTY;VDAAMCARPHKVDGR;RPHKVDGRVVEPKRA;GRVVEPKRAVSREDS;EPKRAVSREDSVKPG;DTEEYNLRDYFEKYG;TIEVMEDRQSGKKRG;DRQSGKKRGFAFVTF;MQSAGSQRGRGGGSG;SAGSQRGRGGGSGNF;GSGNFMGRGGNFGGG;GGGGNFGRGGNFGGR;RGGNFGGRGGYGGGG;GGGGGGSRGSYGGGD;GGPGYSSRGGYGGGG;KGGSFGGRSSGSPYG;GSGGYGSRRF;SGGYGSRRF,MEVKPPPGRPQPDSGRRRRRR;KPPPGRPQPDSGRRRRRRGEEGHDP;PPPGRPQPDSGRRRRRRGEEGHDPK;PPGRPQPDSGRRRRRRGEEGHDPKE;PGRPQPDSGRRRRRRGEEGHDPKEP;GRPQPDSGRRRRRRGEEGHDPKEPE;RPQPDSGRRRRRRGEEGHDPKEPEQ;EEGHDPKEPEQLRKLFIGGLSFETT;EKWGTLTDCVVMRDPQTKRSRGFGF;TDCVVMRDPQTKRSRGFGFVTYSCV;CVVMRDPQTKRSRGFGFVTYSCVEE;SCVEEVDAAMCARPHKVDGRVVEPK;AAMCARPHKVDGRVVEPKRAVSRED;PHKVDGRVVEPKRAVSREDSVKPGA;DGRVVEPKRAVSREDSVKPGAHLTV;GGIKEDTEEYNLRDYFEKYGKIETI;YGKIETIEVMEDRQSGKKRGFAFVT;IEVMEDRQSGKKRGFAFVTFDDHDT;LSKQEMQSAGSQRGRGGGSGNFMGR;KQEMQSAGSQRGRGGGSGNFMGRGG;RGRGGGSGNFMGRGGNFGGGGGNFG;GGNFGGGGGNFGRGGNFGGRGGYGG;GGNFGRGGNFGGRGGYGGGGGGSRG;GRGGYGGGGGGSRGSYGGGDGGYNG;GGNYGGGPGYSSRGGYGGGGPGYGN;NYGPMKGGSFGGRSSGSPYGGGYGS;YGSGGGSGGYGSRRF;GSGGGSGGYGSRRF,MEVKPPPGRPQPDSGRRRRRRGEEGHDPKEPEQL;MEVKPPPGRPQPDSGRRRRRRGEEGHDPKEPEQLRKLFIGG;MEVKPPPGRPQPDSGRRRRRRGEEGHDPKEPEQLRKLFIGGL;MEVKPPPGRPQPDSGRRRRRRGEEGHDPKEPEQLRKLFIGGLS;MEVKPPPGRPQPDSGRRRRRRGEEGHDPKEPEQLRKLFIGGLSF;MEVKPPPGRPQPDSGRRRRRRGEEGHDPKEPEQLRKLFIGGLSFE;MEVKPPPGRPQPDSGRRRRRRGEEGHDPKEPEQLRKLFIGGLSFET;PQPDSGRRRRRRGEEGHDPKEPEQLRKLFIGGLSFETTDDSLREHFEKWGT;SFETTDDSLREHFEKWGTLTDCVVMRDPQTKRSRGFGFVTYSCVEEVDAAM;DSLREHFEKWGTLTDCVVMRDPQTKRSRGFGFVTYSCVEEVDAAMCARPHK;LREHFEKWGTLTDCVVMRDPQTKRSRGFGFVTYSCVEEVDAAMCARPHKVD;QTKRSRGFGFVTYSCVEEVDAAMCARPHKVDGRVVEPKRAVSREDSVKPGA;FGFVTYSCVEEVDAAMCARPHKVDGRVVEPKRAVSREDSVKPGAHLTVKKI;SCVEEVDAAMCARPHKVDGRVVEPKRAVSREDSVKPGAHLTVKKIFVGGIK;EVDAAMCARPHKVDGRVVEPKRAVSREDSVKPGAHLTVKKIFVGGIKEDTE;KPGAHLTVKKIFVGGIKEDTEEYNLRDYFEKYGKIETIEVMEDRQSGKKRG;DTEEYNLRDYFEKYGKIETIEVMEDRQSGKKRGFAFVTFDDHDTVDKIVVQ;LRDYFEKYGKIETIEVMEDRQSGKKRGFAFVTFDDHDTVDKIVVQKYHTIN;HTINGHNCEVKKALSKQEMQSAGSQRGRGGGSGNFMGRGGNFGGGGGNFGR;INGHNCEVKKALSKQEMQSAGSQRGRGGGSGNFMGRGGNFGGGGGNFGRGG;ALSKQEMQSAGSQRGRGGGSGNFMGRGGNFGGGGGNFGRGGNFGGRGGYGG;RGRGGGSGNFMGRGGNFGGGGGNFGRGGNFGGRGGYGGGGGGSRGSYGGGD;GNFMGRGGNFGGGGGNFGRGGNFGGRGGYGGGGGGSRGSYGGGDGGYNGFG;GGGGNFGRGGNFGGRGGYGGGGGGSRGSYGGGDGGYNGFGGDGGNYGGGPG;GGGDGGYNGFGGDGGNYGGGPGYSSRGGYGGGGPGYGNQGGGYGGGGGGYD;YNDFGNYSGQQQSNYGPMKGGSFGGRSSGSPYGGGYGSGGGSGGYGSRRF;FGGRSSGSPYGGGYGSGGGSGGYGSRRF;GGRSSGSPYGGGYGSGGGSGGYGSRRF
Q8VHV7,Rattus norvegicus (Rat),Dimethylated arginine; alternate,233,FVVKVRGLPWS;ADEVQRFFSDC;GAQGIRFIYTR;RFIYTREGRPS;YTREGRPSGEA;ALKKDRETMGH;ETMGHRYVEVF;NDGFVRLRGLP;GFVRLRGLPFG;VDFQGRSTGEA;KKHKERIGHRY;ERIGHRYIEIF;IFKSSRAEVRT;SRAEVRTHYDP;HYDPPRKLMAM;LMAMQRPGPYD;PGPYDRPGAGR;RPGAGRGYNSI;YNSIGRGAGFE;GAGFERMRRGA;GFERMRRGAYG;GFGSDRFGRDL;SDRFGRDLNYC;GMSDHRYGDGG;HCVHMRGLPYR;RGLPYRATEND;PLNPVRVHIET;TGPDGRVTGEA;ANMQHRYVELF;GAYEHRYVELF,EGFVVKVRGLPWSCS;CSADEVQRFFSDCKI;QNGAQGIRFIYTREG;GIRFIYTREGRPSGE;FIYTREGRPSGEAFV;KLALKKDRETMGHRY;DRETMGHRYVEVFKS;TANDGFVRLRGLPFG;NDGFVRLRGLPFGCS;LPVDFQGRSTGEAFV;ALKKHKERIGHRYIE;HKERIGHRYIEIFKS;IEIFKSSRAEVRTHY;KSSRAEVRTHYDPPR;RTHYDPPRKLMAMQR;RKLMAMQRPGPYDRP;QRPGPYDRPGAGRGY;YDRPGAGRGYNSIGR;RGYNSIGRGAGFERM;GRGAGFERMRRGAYG;GAGFERMRRGAYGGG;GYGFGSDRFGRDLNY;FGSDRFGRDLNYCFS;FSGMSDHRYGDGGST;TGHCVHMRGLPYRAT;HMRGLPYRATENDIY;FSPLNPVRVHIETGP;IETGPDGRVTGEADV;DKANMQHRYVELFLN;SGGAYEHRYVELFLN,GAEGGEGFVVKVRGLPWSCSADEVQ;GLPWSCSADEVQRFFSDCKIQNGAQ;SDCKIQNGAQGIRFIYTREGRPSGE;QNGAQGIRFIYTREGRPSGEAFVEL;AQGIRFIYTREGRPSGEAFVELESE;SEDEVKLALKKDRETMGHRYVEVFK;LALKKDRETMGHRYVEVFKSNNVEM;PNSPDTANDGFVRLRGLPFGCSEEE;SPDTANDGFVRLRGLPFGCSEEEIV;PNGITLPVDFQGRSTGEAFVQFASQ;EIAEKALKKHKERIGHRYIEIFKSS;KALKKHKERIGHRYIEIFKSSRAEV;IGHRYIEIFKSSRAEVRTHYDPPRK;YIEIFKSSRAEVRTHYDPPRKLMAM;SRAEVRTHYDPPRKLMAMQRPGPYD;HYDPPRKLMAMQRPGPYDRPGAGRG;KLMAMQRPGPYDRPGAGRGYNSIGR;QRPGPYDRPGAGRGYNSIGRGAGFE;RPGAGRGYNSIGRGAGFERMRRGAY;GYNSIGRGAGFERMRRGAYGGGYGG;NSIGRGAGFERMRRGAYGGGYGGYD;NGYNDGYGFGSDRFGRDLNYCFSGM;NDGYGFGSDRFGRDLNYCFSGMSDH;DLNYCFSGMSDHRYGDGGSTFQSTT;TFQSTTGHCVHMRGLPYRATENDIY;TGHCVHMRGLPYRATENDIYNFFSP;DIYNFFSPLNPVRVHIETGPDGRVT;PVRVHIETGPDGRVTGEADVEFATH;AAMSKDKANMQHRYVELFLNSTAGA;STAGASGGAYEHRYVELFLNSTAGA,MMLGAEGGEGFVVKVRGLPWSCSADEVQRFFSDCKIQNGAQ;GAEGGEGFVVKVRGLPWSCSADEVQRFFSDCKIQNGAQGIRFIYTREGRPS;PWSCSADEVQRFFSDCKIQNGAQGIRFIYTREGRPSGEAFVELESEDEVKL;ADEVQRFFSDCKIQNGAQGIRFIYTREGRPSGEAFVELESEDEVKLALKKD;VQRFFSDCKIQNGAQGIRFIYTREGRPSGEAFVELESEDEVKLALKKDRET;EGRPSGEAFVELESEDEVKLALKKDRETMGHRYVEVFKSNNVEMDWVLKHT;EAFVELESEDEVKLALKKDRETMGHRYVEVFKSNNVEMDWVLKHTGPNSPD;NNVEMDWVLKHTGPNSPDTANDGFVRLRGLPFGCSEEEIVQFFSGLEIVPN;VEMDWVLKHTGPNSPDTANDGFVRLRGLPFGCSEEEIVQFFSGLEIVPNGI;EEIVQFFSGLEIVPNGITLPVDFQGRSTGEAFVQFASQEIAEKALKKHKER;RSTGEAFVQFASQEIAEKALKKHKERIGHRYIEIFKSSRAEVRTHYDPPRK;EAFVQFASQEIAEKALKKHKERIGHRYIEIFKSSRAEVRTHYDPPRKLMAM;EIAEKALKKHKERIGHRYIEIFKSSRAEVRTHYDPPRKLMAMQRPGPYDRP;KALKKHKERIGHRYIEIFKSSRAEVRTHYDPPRKLMAMQRPGPYDRPGAGR;ERIGHRYIEIFKSSRAEVRTHYDPPRKLMAMQRPGPYDRPGAGRGYNSIGR;IEIFKSSRAEVRTHYDPPRKLMAMQRPGPYDRPGAGRGYNSIGRGAGFERM;SRAEVRTHYDPPRKLMAMQRPGPYDRPGAGRGYNSIGRGAGFERMRRGAYG;RTHYDPPRKLMAMQRPGPYDRPGAGRGYNSIGRGAGFERMRRGAYGGGYGG;RKLMAMQRPGPYDRPGAGRGYNSIGRGAGFERMRRGAYGGGYGGYDDYNGY;QRPGPYDRPGAGRGYNSIGRGAGFERMRRGAYGGGYGGYDDYNGYNDGYGF;PGPYDRPGAGRGYNSIGRGAGFERMRRGAYGGGYGGYDDYNGYNDGYGFGS;GAYGGGYGGYDDYNGYNDGYGFGSDRFGRDLNYCFSGMSDHRYGDGGSTFQ;GGGYGGYDDYNGYNDGYGFGSDRFGRDLNYCFSGMSDHRYGDGGSTFQSTT;NDGYGFGSDRFGRDLNYCFSGMSDHRYGDGGSTFQSTTGHCVHMRGLPYRA;SGMSDHRYGDGGSTFQSTTGHCVHMRGLPYRATENDIYNFFSPLNPVRVHI;HRYGDGGSTFQSTTGHCVHMRGLPYRATENDIYNFFSPLNPVRVHIETGPD;VHMRGLPYRATENDIYNFFSPLNPVRVHIETGPDGRVTGEADVEFATHEDA;TENDIYNFFSPLNPVRVHIETGPDGRVTGEADVEFATHEDAVAAMSKDKAN;EADVEFATHEDAVAAMSKDKANMQHRYVELFLNSTAGASGGAYEHRYVELF;ANMQHRYVELFLNSTAGASGGAYEHRYVELFLNSTAGASGGAYGSQMMGGM
Q91V33,Rattus norvegicus (Rat),Dimethylated arginine; alternate,320,MQRRDDPA;MQRRDDPAA;DDPAARLTRSS;AARLTRSSGRS;TRSSGRSCSKD;AHPSVRLTPSR;RLTPSRPSPLP;SPLPHRSRGGG;LPHRSRGGGGG;GGGGPRGGARA;PRGGARASPAT;MKLKERVLIPV;GNTIKRLQEET;GKGSMRDKAKE;KEEELRKGGDP;VPEPSRGRGVS;EPSRGRGVSVR;RGVSVRGRGAA;VSVRGRGAAPP;PPPVPRGRGVG;PVPRGRGVGPP;GVGPPRGALVR;RGALVRGTPVR;RGSITRGATVT;GATVTRGVPPP;PPPTVRGAPTP;GAPTPRARTAG;PTPRARTAGIQ;TAGIQRIPLPP;DWNGTRPSLKA;KAPPARPVKGA;VKGAYREHPYG;EHPYGRY,MQRRDDPAAR;MQRRDDPAARL;RRDDPAARLTRSSGR;DPAARLTRSSGRSCS;RLTRSSGRSCSKDPS;SGAHPSVRLTPSRPS;SVRLTPSRPSPLPHR;RPSPLPHRSRGGGGG;SPLPHRSRGGGGGPR;RGGGGGPRGGARASP;GGPRGGARASPATQP;KNMKLKERVLIPVKQ;PQGNTIKRLQEETGA;VLGKGSMRDKAKEEE;KAKEEELRKGGDPKY;NGVPEPSRGRGVSVR;VPEPSRGRGVSVRGR;RGRGVSVRGRGAAPP;RGVSVRGRGAAPPPP;PPPPPVPRGRGVGPP;PPPVPRGRGVGPPRG;GRGVGPPRGALVRGT;PPRGALVRGTPVRGS;PVRGSITRGATVTRG;TRGATVTRGVPPPPT;VPPPPTVRGAPTPRA;VRGAPTPRARTAGIQ;GAPTPRARTAGIQRI;ARTAGIQRIPLPPTP;QDDWNGTRPSLKAPP;SLKAPPARPVKGAYR;RPVKGAYREHPYGRY;YREHPYGRY,MQRRDDPAARLTRSS;MQRRDDPAARLTRSSG;MQRRDDPAARLTRSSGRSCSKD;MQRRDDPAARLTRSSGRSCSKDPSG;DDPAARLTRSSGRSCSKDPSGAHPS;CSKDPSGAHPSVRLTPSRPSPLPHR;SGAHPSVRLTPSRPSPLPHRSRGGG;RLTPSRPSPLPHRSRGGGGGPRGGA;TPSRPSPLPHRSRGGGGGPRGGARA;LPHRSRGGGGGPRGGARASPATQPP;SRGGGGGPRGGARASPATQPPPLLP;DLFSHKNMKLKERVLIPVKQYPKFN;GKILGPQGNTIKRLQEETGAKISVL;GAKISVLGKGSMRDKAKEEELRKGG;GSMRDKAKEEELRKGGDPKYAHLNM;ELSYLNGVPEPSRGRGVSVRGRGAA;SYLNGVPEPSRGRGVSVRGRGAAPP;VPEPSRGRGVSVRGRGAAPPPPPVP;EPSRGRGVSVRGRGAAPPPPPVPRG;GRGAAPPPPPVPRGRGVGPPRGALV;GAAPPPPPVPRGRGVGPPRGALVRG;PPVPRGRGVGPPRGALVRGTPVRGS;GRGVGPPRGALVRGTPVRGSITRGA;LVRGTPVRGSITRGATVTRGVPPPP;VRGSITRGATVTRGVPPPPTVRGAP;TVTRGVPPPPTVRGAPTPRARTAGI;PPPPTVRGAPTPRARTAGIQRIPLP;PPTVRGAPTPRARTAGIQRIPLPPT;APTPRARTAGIQRIPLPPTPAPETY;YEAYGQDDWNGTRPSLKAPPARPVK;NGTRPSLKAPPARPVKGAYREHPYG;KAPPARPVKGAYREHPYGRY;PVKGAYREHPYGRY,MQRRDDPAARLTRSSGRSCSKDPSGAHP;MQRRDDPAARLTRSSGRSCSKDPSGAHPS;MQRRDDPAARLTRSSGRSCSKDPSGAHPSVRLTPS;MQRRDDPAARLTRSSGRSCSKDPSGAHPSVRLTPSRPS;MQRRDDPAARLTRSSGRSCSKDPSGAHPSVRLTPSRPSPLPH;DPAARLTRSSGRSCSKDPSGAHPSVRLTPSRPSPLPHRSRGGGGGPRGGAR;LTRSSGRSCSKDPSGAHPSVRLTPSRPSPLPHRSRGGGGGPRGGARASPAT;SCSKDPSGAHPSVRLTPSRPSPLPHRSRGGGGGPRGGARASPATQPPPLLP;SKDPSGAHPSVRLTPSRPSPLPHRSRGGGGGPRGGARASPATQPPPLLPPS;HPSVRLTPSRPSPLPHRSRGGGGGPRGGARASPATQPPPLLPPSNPGPDAT;RLTPSRPSPLPHRSRGGGGGPRGGARASPATQPPPLLPPSNPGPDATVVGS;KGESKKDDEENYLDLFSHKNMKLKERVLIPVKQYPKFNFVGKILGPQGNTI;LIPVKQYPKFNFVGKILGPQGNTIKRLQEETGAKISVLGKGSMRDKAKEEE;PQGNTIKRLQEETGAKISVLGKGSMRDKAKEEELRKGGDPKYAHLNMDLHV;QEETGAKISVLGKGSMRDKAKEEELRKGGDPKYAHLNMDLHVFIEVFGPPC;PDMMDDICQEQFLELSYLNGVPEPSRGRGVSVRGRGAAPPPPPVPRGRGVG;MMDDICQEQFLELSYLNGVPEPSRGRGVSVRGRGAAPPPPPVPRGRGVGPP;CQEQFLELSYLNGVPEPSRGRGVSVRGRGAAPPPPPVPRGRGVGPPRGALV;EQFLELSYLNGVPEPSRGRGVSVRGRGAAPPPPPVPRGRGVGPPRGALVRG;VPEPSRGRGVSVRGRGAAPPPPPVPRGRGVGPPRGALVRGTPVRGSITRGA;EPSRGRGVSVRGRGAAPPPPPVPRGRGVGPPRGALVRGTPVRGSITRGATV;GVSVRGRGAAPPPPPVPRGRGVGPPRGALVRGTPVRGSITRGATVTRGVPP;GRGAAPPPPPVPRGRGVGPPRGALVRGTPVRGSITRGATVTRGVPPPPTVR;VPRGRGVGPPRGALVRGTPVRGSITRGATVTRGVPPPPTVRGAPTPRARTA;VGPPRGALVRGTPVRGSITRGATVTRGVPPPPTVRGAPTPRARTAGIQRIP;RGTPVRGSITRGATVTRGVPPPPTVRGAPTPRARTAGIQRIPLPPTPAPET;GSITRGATVTRGVPPPPTVRGAPTPRARTAGIQRIPLPPTPAPETYEDYGY;ITRGATVTRGVPPPPTVRGAPTPRARTAGIQRIPLPPTPAPETYEDYGYDD;VTRGVPPPPTVRGAPTPRARTAGIQRIPLPPTPAPETYEDYGYDDSYAEQS;EYYDYGHGELQDSYEAYGQDDWNGTRPSLKAPPARPVKGAYREHPYGRY;LQDSYEAYGQDDWNGTRPSLKAPPARPVKGAYREHPYGRY;YGQDDWNGTRPSLKAPPARPVKGAYREHPYGRY;NGTRPSLKAPPARPVKGAYREHPYGRY
Q91V33,Rattus norvegicus (Rat),Dimethylated arginine; alternate,331,MQRRDDPA;MQRRDDPAA;DDPAARLTRSS;AARLTRSSGRS;TRSSGRSCSKD;AHPSVRLTPSR;RLTPSRPSPLP;SPLPHRSRGGG;LPHRSRGGGGG;GGGGPRGGARA;PRGGARASPAT;MKLKERVLIPV;GNTIKRLQEET;GKGSMRDKAKE;KEEELRKGGDP;VPEPSRGRGVS;EPSRGRGVSVR;RGVSVRGRGAA;VSVRGRGAAPP;PPPVPRGRGVG;PVPRGRGVGPP;GVGPPRGALVR;RGALVRGTPVR;RGTPVRGSITR;RGSITRGATVT;PPPTVRGAPTP;GAPTPRARTAG;PTPRARTAGIQ;TAGIQRIPLPP;DWNGTRPSLKA;KAPPARPVKGA;VKGAYREHPYG;EHPYGRY,MQRRDDPAAR;MQRRDDPAARL;RRDDPAARLTRSSGR;DPAARLTRSSGRSCS;RLTRSSGRSCSKDPS;SGAHPSVRLTPSRPS;SVRLTPSRPSPLPHR;RPSPLPHRSRGGGGG;SPLPHRSRGGGGGPR;RGGGGGPRGGARASP;GGPRGGARASPATQP;KNMKLKERVLIPVKQ;PQGNTIKRLQEETGA;VLGKGSMRDKAKEEE;KAKEEELRKGGDPKY;NGVPEPSRGRGVSVR;VPEPSRGRGVSVRGR;RGRGVSVRGRGAAPP;RGVSVRGRGAAPPPP;PPPPPVPRGRGVGPP;PPPVPRGRGVGPPRG;GRGVGPPRGALVRGT;PPRGALVRGTPVRGS;LVRGTPVRGSITRGA;PVRGSITRGATVTRG;VPPPPTVRGAPTPRA;VRGAPTPRARTAGIQ;GAPTPRARTAGIQRI;ARTAGIQRIPLPPTP;QDDWNGTRPSLKAPP;SLKAPPARPVKGAYR;RPVKGAYREHPYGRY;YREHPYGRY,MQRRDDPAARLTRSS;MQRRDDPAARLTRSSG;MQRRDDPAARLTRSSGRSCSKD;MQRRDDPAARLTRSSGRSCSKDPSG;DDPAARLTRSSGRSCSKDPSGAHPS;CSKDPSGAHPSVRLTPSRPSPLPHR;SGAHPSVRLTPSRPSPLPHRSRGGG;RLTPSRPSPLPHRSRGGGGGPRGGA;TPSRPSPLPHRSRGGGGGPRGGARA;LPHRSRGGGGGPRGGARASPATQPP;SRGGGGGPRGGARASPATQPPPLLP;DLFSHKNMKLKERVLIPVKQYPKFN;GKILGPQGNTIKRLQEETGAKISVL;GAKISVLGKGSMRDKAKEEELRKGG;GSMRDKAKEEELRKGGDPKYAHLNM;ELSYLNGVPEPSRGRGVSVRGRGAA;SYLNGVPEPSRGRGVSVRGRGAAPP;VPEPSRGRGVSVRGRGAAPPPPPVP;EPSRGRGVSVRGRGAAPPPPPVPRG;GRGAAPPPPPVPRGRGVGPPRGALV;GAAPPPPPVPRGRGVGPPRGALVRG;PPVPRGRGVGPPRGALVRGTPVRGS;GRGVGPPRGALVRGTPVRGSITRGA;PPRGALVRGTPVRGSITRGATVTRG;LVRGTPVRGSITRGATVTRGVPPPP;TVTRGVPPPPTVRGAPTPRARTAGI;PPPPTVRGAPTPRARTAGIQRIPLP;PPTVRGAPTPRARTAGIQRIPLPPT;APTPRARTAGIQRIPLPPTPAPETY;YEAYGQDDWNGTRPSLKAPPARPVK;NGTRPSLKAPPARPVKGAYREHPYG;KAPPARPVKGAYREHPYGRY;PVKGAYREHPYGRY,MQRRDDPAARLTRSSGRSCSKDPSGAHP;MQRRDDPAARLTRSSGRSCSKDPSGAHPS;MQRRDDPAARLTRSSGRSCSKDPSGAHPSVRLTPS;MQRRDDPAARLTRSSGRSCSKDPSGAHPSVRLTPSRPS;MQRRDDPAARLTRSSGRSCSKDPSGAHPSVRLTPSRPSPLPH;DPAARLTRSSGRSCSKDPSGAHPSVRLTPSRPSPLPHRSRGGGGGPRGGAR;LTRSSGRSCSKDPSGAHPSVRLTPSRPSPLPHRSRGGGGGPRGGARASPAT;SCSKDPSGAHPSVRLTPSRPSPLPHRSRGGGGGPRGGARASPATQPPPLLP;SKDPSGAHPSVRLTPSRPSPLPHRSRGGGGGPRGGARASPATQPPPLLPPS;HPSVRLTPSRPSPLPHRSRGGGGGPRGGARASPATQPPPLLPPSNPGPDAT;RLTPSRPSPLPHRSRGGGGGPRGGARASPATQPPPLLPPSNPGPDATVVGS;KGESKKDDEENYLDLFSHKNMKLKERVLIPVKQYPKFNFVGKILGPQGNTI;LIPVKQYPKFNFVGKILGPQGNTIKRLQEETGAKISVLGKGSMRDKAKEEE;PQGNTIKRLQEETGAKISVLGKGSMRDKAKEEELRKGGDPKYAHLNMDLHV;QEETGAKISVLGKGSMRDKAKEEELRKGGDPKYAHLNMDLHVFIEVFGPPC;PDMMDDICQEQFLELSYLNGVPEPSRGRGVSVRGRGAAPPPPPVPRGRGVG;MMDDICQEQFLELSYLNGVPEPSRGRGVSVRGRGAAPPPPPVPRGRGVGPP;CQEQFLELSYLNGVPEPSRGRGVSVRGRGAAPPPPPVPRGRGVGPPRGALV;EQFLELSYLNGVPEPSRGRGVSVRGRGAAPPPPPVPRGRGVGPPRGALVRG;VPEPSRGRGVSVRGRGAAPPPPPVPRGRGVGPPRGALVRGTPVRGSITRGA;EPSRGRGVSVRGRGAAPPPPPVPRGRGVGPPRGALVRGTPVRGSITRGATV;GVSVRGRGAAPPPPPVPRGRGVGPPRGALVRGTPVRGSITRGATVTRGVPP;GRGAAPPPPPVPRGRGVGPPRGALVRGTPVRGSITRGATVTRGVPPPPTVR;PPPPPVPRGRGVGPPRGALVRGTPVRGSITRGATVTRGVPPPPTVRGAPTP;VPRGRGVGPPRGALVRGTPVRGSITRGATVTRGVPPPPTVRGAPTPRARTA;RGTPVRGSITRGATVTRGVPPPPTVRGAPTPRARTAGIQRIPLPPTPAPET;GSITRGATVTRGVPPPPTVRGAPTPRARTAGIQRIPLPPTPAPETYEDYGY;ITRGATVTRGVPPPPTVRGAPTPRARTAGIQRIPLPPTPAPETYEDYGYDD;VTRGVPPPPTVRGAPTPRARTAGIQRIPLPPTPAPETYEDYGYDDSYAEQS;EYYDYGHGELQDSYEAYGQDDWNGTRPSLKAPPARPVKGAYREHPYGRY;LQDSYEAYGQDDWNGTRPSLKAPPARPVKGAYREHPYGRY;YGQDDWNGTRPSLKAPPARPVKGAYREHPYGRY;NGTRPSLKAPPARPVKGAYREHPYGRY
Q91V33,Rattus norvegicus (Rat),Dimethylated arginine; alternate,340,MQRRDDPA;MQRRDDPAA;DDPAARLTRSS;AARLTRSSGRS;TRSSGRSCSKD;AHPSVRLTPSR;RLTPSRPSPLP;SPLPHRSRGGG;LPHRSRGGGGG;GGGGPRGGARA;PRGGARASPAT;MKLKERVLIPV;GNTIKRLQEET;GKGSMRDKAKE;KEEELRKGGDP;VPEPSRGRGVS;EPSRGRGVSVR;RGVSVRGRGAA;VSVRGRGAAPP;PPPVPRGRGVG;PVPRGRGVGPP;GVGPPRGALVR;RGALVRGTPVR;RGTPVRGSITR;RGSITRGATVT;GATVTRGVPPP;GAPTPRARTAG;PTPRARTAGIQ;TAGIQRIPLPP;DWNGTRPSLKA;KAPPARPVKGA;VKGAYREHPYG;EHPYGRY,MQRRDDPAAR;MQRRDDPAARL;RRDDPAARLTRSSGR;DPAARLTRSSGRSCS;RLTRSSGRSCSKDPS;SGAHPSVRLTPSRPS;SVRLTPSRPSPLPHR;RPSPLPHRSRGGGGG;SPLPHRSRGGGGGPR;RGGGGGPRGGARASP;GGPRGGARASPATQP;KNMKLKERVLIPVKQ;PQGNTIKRLQEETGA;VLGKGSMRDKAKEEE;KAKEEELRKGGDPKY;NGVPEPSRGRGVSVR;VPEPSRGRGVSVRGR;RGRGVSVRGRGAAPP;RGVSVRGRGAAPPPP;PPPPPVPRGRGVGPP;PPPVPRGRGVGPPRG;GRGVGPPRGALVRGT;PPRGALVRGTPVRGS;LVRGTPVRGSITRGA;PVRGSITRGATVTRG;TRGATVTRGVPPPPT;VRGAPTPRARTAGIQ;GAPTPRARTAGIQRI;ARTAGIQRIPLPPTP;QDDWNGTRPSLKAPP;SLKAPPARPVKGAYR;RPVKGAYREHPYGRY;YREHPYGRY,MQRRDDPAARLTRSS;MQRRDDPAARLTRSSG;MQRRDDPAARLTRSSGRSCSKD;MQRRDDPAARLTRSSGRSCSKDPSG;DDPAARLTRSSGRSCSKDPSGAHPS;CSKDPSGAHPSVRLTPSRPSPLPHR;SGAHPSVRLTPSRPSPLPHRSRGGG;RLTPSRPSPLPHRSRGGGGGPRGGA;TPSRPSPLPHRSRGGGGGPRGGARA;LPHRSRGGGGGPRGGARASPATQPP;SRGGGGGPRGGARASPATQPPPLLP;DLFSHKNMKLKERVLIPVKQYPKFN;GKILGPQGNTIKRLQEETGAKISVL;GAKISVLGKGSMRDKAKEEELRKGG;GSMRDKAKEEELRKGGDPKYAHLNM;ELSYLNGVPEPSRGRGVSVRGRGAA;SYLNGVPEPSRGRGVSVRGRGAAPP;VPEPSRGRGVSVRGRGAAPPPPPVP;EPSRGRGVSVRGRGAAPPPPPVPRG;GRGAAPPPPPVPRGRGVGPPRGALV;GAAPPPPPVPRGRGVGPPRGALVRG;PPVPRGRGVGPPRGALVRGTPVRGS;GRGVGPPRGALVRGTPVRGSITRGA;PPRGALVRGTPVRGSITRGATVTRG;LVRGTPVRGSITRGATVTRGVPPPP;VRGSITRGATVTRGVPPPPTVRGAP;PPPPTVRGAPTPRARTAGIQRIPLP;PPTVRGAPTPRARTAGIQRIPLPPT;APTPRARTAGIQRIPLPPTPAPETY;YEAYGQDDWNGTRPSLKAPPARPVK;NGTRPSLKAPPARPVKGAYREHPYG;KAPPARPVKGAYREHPYGRY;PVKGAYREHPYGRY,MQRRDDPAARLTRSSGRSCSKDPSGAHP;MQRRDDPAARLTRSSGRSCSKDPSGAHPS;MQRRDDPAARLTRSSGRSCSKDPSGAHPSVRLTPS;MQRRDDPAARLTRSSGRSCSKDPSGAHPSVRLTPSRPS;MQRRDDPAARLTRSSGRSCSKDPSGAHPSVRLTPSRPSPLPH;DPAARLTRSSGRSCSKDPSGAHPSVRLTPSRPSPLPHRSRGGGGGPRGGAR;LTRSSGRSCSKDPSGAHPSVRLTPSRPSPLPHRSRGGGGGPRGGARASPAT;SCSKDPSGAHPSVRLTPSRPSPLPHRSRGGGGGPRGGARASPATQPPPLLP;SKDPSGAHPSVRLTPSRPSPLPHRSRGGGGGPRGGARASPATQPPPLLPPS;HPSVRLTPSRPSPLPHRSRGGGGGPRGGARASPATQPPPLLPPSNPGPDAT;RLTPSRPSPLPHRSRGGGGGPRGGARASPATQPPPLLPPSNPGPDATVVGS;KGESKKDDEENYLDLFSHKNMKLKERVLIPVKQYPKFNFVGKILGPQGNTI;LIPVKQYPKFNFVGKILGPQGNTIKRLQEETGAKISVLGKGSMRDKAKEEE;PQGNTIKRLQEETGAKISVLGKGSMRDKAKEEELRKGGDPKYAHLNMDLHV;QEETGAKISVLGKGSMRDKAKEEELRKGGDPKYAHLNMDLHVFIEVFGPPC;PDMMDDICQEQFLELSYLNGVPEPSRGRGVSVRGRGAAPPPPPVPRGRGVG;MMDDICQEQFLELSYLNGVPEPSRGRGVSVRGRGAAPPPPPVPRGRGVGPP;CQEQFLELSYLNGVPEPSRGRGVSVRGRGAAPPPPPVPRGRGVGPPRGALV;EQFLELSYLNGVPEPSRGRGVSVRGRGAAPPPPPVPRGRGVGPPRGALVRG;VPEPSRGRGVSVRGRGAAPPPPPVPRGRGVGPPRGALVRGTPVRGSITRGA;EPSRGRGVSVRGRGAAPPPPPVPRGRGVGPPRGALVRGTPVRGSITRGATV;GVSVRGRGAAPPPPPVPRGRGVGPPRGALVRGTPVRGSITRGATVTRGVPP;GRGAAPPPPPVPRGRGVGPPRGALVRGTPVRGSITRGATVTRGVPPPPTVR;PPPPPVPRGRGVGPPRGALVRGTPVRGSITRGATVTRGVPPPPTVRGAPTP;VPRGRGVGPPRGALVRGTPVRGSITRGATVTRGVPPPPTVRGAPTPRARTA;VGPPRGALVRGTPVRGSITRGATVTRGVPPPPTVRGAPTPRARTAGIQRIP;GSITRGATVTRGVPPPPTVRGAPTPRARTAGIQRIPLPPTPAPETYEDYGY;ITRGATVTRGVPPPPTVRGAPTPRARTAGIQRIPLPPTPAPETYEDYGYDD;VTRGVPPPPTVRGAPTPRARTAGIQRIPLPPTPAPETYEDYGYDDSYAEQS;EYYDYGHGELQDSYEAYGQDDWNGTRPSLKAPPARPVKGAYREHPYGRY;LQDSYEAYGQDDWNGTRPSLKAPPARPVKGAYREHPYGRY;YGQDDWNGTRPSLKAPPARPVKGAYREHPYGRY;NGTRPSLKAPPARPVKGAYREHPYGRY
Q925G0,Rattus norvegicus (Rat),Dimethylated arginine; alternate,105,VVVKDRETQRS;DRETQRSRGFG;ETQRSRGFGFI;ASDVMRAMNGE;ESLDGRQIRVD;DGRQIRVDHAG;AGKSARGTRGG;SARGTRGGAFG;FGAHGRGRSYS;AHGRGRSYSRG;GYGSGRYDSRP;GRYDSRPGGYG;GYGYGRSRDYS;GYGRSRDYSGS;QGGYDRYSGGN;SGGNYRDNYDN,EVVVVKDRETQRSRG;VKDRETQRSRGFGFI;DRETQRSRGFGFITF;EHASDVMRAMNGESL;NGESLDGRQIRVDHA;SLDGRQIRVDHAGKS;DHAGKSARGTRGGAF;GKSARGTRGGAFGAH;GAFGAHGRGRSYSRG;FGAHGRGRSYSRGGG;DQGYGSGRYDSRPGG;GSGRYDSRPGGYGYG;GYGYGYGRSRDYSGS;GYGYGRSRDYSGSQG;GSQGGYDRYSGGNYR;RYSGGNYRDNYDN,FGPISEVVVVKDRETQRSRGFGFIT;SEVVVVKDRETQRSRGFGFITFTNP;VVVVKDRETQRSRGFGFITFTNPEH;TFTNPEHASDVMRAMNGESLDGRQI;VMRAMNGESLDGRQIRVDHAGKSAR;AMNGESLDGRQIRVDHAGKSARGTR;RQIRVDHAGKSARGTRGGAFGAHGR;RVDHAGKSARGTRGGAFGAHGRGRS;RGTRGGAFGAHGRGRSYSRGGGDQG;TRGGAFGAHGRGRSYSRGGGDQGYG;SRGGGDQGYGSGRYDSRPGGYGYGY;GDQGYGSGRYDSRPGGYGYGYGRSR;DSRPGGYGYGYGRSRDYSGSQGGYD;RPGGYGYGYGRSRDYSGSQGGYDRY;SRDYSGSQGGYDRYSGGNYRDNYDN;QGGYDRYSGGNYRDNYDN,NTDEQALEDHFSSFGPISEVVVVKDRETQRSRGFGFITFTNPEHASDVMRA;QALEDHFSSFGPISEVVVVKDRETQRSRGFGFITFTNPEHASDVMRAMNGE;LEDHFSSFGPISEVVVVKDRETQRSRGFGFITFTNPEHASDVMRAMNGESL;DRETQRSRGFGFITFTNPEHASDVMRAMNGESLDGRQIRVDHAGKSARGTR;GFITFTNPEHASDVMRAMNGESLDGRQIRVDHAGKSARGTRGGAFGAHGRG;TFTNPEHASDVMRAMNGESLDGRQIRVDHAGKSARGTRGGAFGAHGRGRSY;DVMRAMNGESLDGRQIRVDHAGKSARGTRGGAFGAHGRGRSYSRGGGDQGY;RAMNGESLDGRQIRVDHAGKSARGTRGGAFGAHGRGRSYSRGGGDQGYGSG;GRQIRVDHAGKSARGTRGGAFGAHGRGRSYSRGGGDQGYGSGRYDSRPGGY;QIRVDHAGKSARGTRGGAFGAHGRGRSYSRGGGDQGYGSGRYDSRPGGYGY;GGAFGAHGRGRSYSRGGGDQGYGSGRYDSRPGGYGYGYGRSRDYSGSQGGY;GAHGRGRSYSRGGGDQGYGSGRYDSRPGGYGYGYGRSRDYSGSQGGYDRYS;RGGGDQGYGSGRYDSRPGGYGYGYGRSRDYSGSQGGYDRYSGGNYRDNYDN;GGDQGYGSGRYDSRPGGYGYGYGRSRDYSGSQGGYDRYSGGNYRDNYDN;DSRPGGYGYGYGRSRDYSGSQGGYDRYSGGNYRDNYDN;GYGYGRSRDYSGSQGGYDRYSGGNYRDNYDN
Q9EPH8,Rattus norvegicus (Rat),Dimethylated arginine; alternate,493,PILSIRVCRDM;SIRVCRDMITR;RDMITRRSLGY;DMITRRSLGYA;PADAERALDTM;KGKPVRIMWSQ;IMWSQRDPSLR;RDPSLRKSGVG;QEAAERAIEKM;MLLNDRKVFVG;KVFVGRFKSRK;GRFKSRKEREA;KSRKEREAELG;AELGARAKEFT;DMDDERLKELF;FVSFERHEDAQ;QIYVGRAQKKV;QKKVERQTELK;QTELKRKFEQM;QMKQDRITRYQ;QDRITRYQGVN;GIDDERLRKEF;DDERLRKEFSP;MMEGGRSKGFG;TEMNGRIVATK;VALAQRKEERQ;QRKEERQAHLT;NQYMQRMASVR;RMASVRAVPNP;PQTQNRAAYYP;QIAQLRPSPRW;LRPSPRWTAQG;TAQGARPHPFQ;MPGAIRPAAPR;RPAAPRPPFST;PFSTMRPASSQ;SSQVPRVMSTQ;VMSTQRVANTS;ATPAVRTVPQY;YAAGVRNPQQH;QMLGERLFPLI;SPESLRSKVDE,AGPILSIRVCRDMIT;ILSIRVCRDMITRRS;VCRDMITRRSLGYAY;CRDMITRRSLGYAYV;QQPADAERALDTMNF;VIKGKPVRIMWSQRD;VRIMWSQRDPSLRKS;SQRDPSLRKSGVGNI;ETQEAAERAIEKMNG;NGMLLNDRKVFVGRF;DRKVFVGRFKSRKER;FVGRFKSRKEREAEL;RFKSRKEREAELGAR;REAELGARAKEFTNV;GEDMDDERLKELFGK;FGFVSFERHEDAQKA;GKQIYVGRAQKKVER;RAQKKVERQTELKRK;ERQTELKRKFEQMKQ;FEQMKQDRITRYQGV;MKQDRITRYQGVNLY;DDGIDDERLRKEFSP;GIDDERLRKEFSPFG;KVMMEGGRSKGFGFV;AVTEMNGRIVATKPL;LYVALAQRKEERQAH;LAQRKEERQAHLTNQ;LTNQYMQRMASVRAV;MQRMASVRAVPNPVI;AIPQTQNRAAYYPPS;PSQIAQLRPSPRWTA;AQLRPSPRWTAQGAR;RWTAQGARPHPFQNM;QNMPGAIRPAAPRPP;AIRPAAPRPPFSTMR;RPPFSTMRPASSQVP;PASSQVPRVMSTQRV;PRVMSTQRVANTSTQ;TAATPAVRTVPQYKY;YKYAAGVRNPQQHLN;QKQMLGERLFPLIQA;LESPESLRSKVDEAV,EKFSPAGPILSIRVCRDMITRRSLG;SPAGPILSIRVCRDMITRRSLGYAY;ILSIRVCRDMITRRSLGYAYVNFQQ;LSIRVCRDMITRRSLGYAYVNFQQP;AYVNFQQPADAERALDTMNFDVIKG;TMNFDVIKGKPVRIMWSQRDPSLRK;IKGKPVRIMWSQRDPSLRKSGVGNI;VRIMWSQRDPSLRKSGVGNIFIKNL;GFVHFETQEAAERAIEKMNGMLLND;AIEKMNGMLLNDRKVFVGRFKSRKE;GMLLNDRKVFVGRFKSRKEREAELG;NDRKVFVGRFKSRKEREAELGARAK;KVFVGRFKSRKEREAELGARAKEFT;KSRKEREAELGARAKEFTNVYIKNF;YIKNFGEDMDDERLKELFGKFGPAL;GKSKGFGFVSFERHEDAQKAVDEMN;GKELNGKQIYVGRAQKKVERQTELK;QIYVGRAQKKVERQTELKRKFEQMK;AQKKVERQTELKRKFEQMKQDRITR;ELKRKFEQMKQDRITRYQGVNLYVK;RKFEQMKQDRITRYQGVNLYVKNLD;YVKNLDDGIDDERLRKEFSPFGTIT;KNLDDGIDDERLRKEFSPFGTITSA;TITSAKVMMEGGRSKGFGFVCFSSP;EEATKAVTEMNGRIVATKPLYVALA;VATKPLYVALAQRKEERQAHLTNQY;PLYVALAQRKEERQAHLTNQYMQRM;ERQAHLTNQYMQRMASVRAVPNPVI;LTNQYMQRMASVRAVPNPVINPYQP;GYFMAAIPQTQNRAAYYPPSQIAQL;AAYYPPSQIAQLRPSPRWTAQGARP;PPSQIAQLRPSPRWTAQGARPHPFQ;LRPSPRWTAQGARPHPFQNMPGAIR;RPHPFQNMPGAIRPAAPRPPFSTMR;QNMPGAIRPAAPRPPFSTMRPASSQ;RPAAPRPPFSTMRPASSQVPRVMST;FSTMRPASSQVPRVMSTQRVANTST;ASSQVPRVMSTQRVANTSTQTMGPR;PAAAATAATPAVRTVPQYKYAAGVR;RTVPQYKYAAGVRNPQQHLNAQPQV;APPQEQKQMLGERLFPLIQAMHPSL;ELLHMLESPESLRSKVDEAVAVLQA,GDLHPDVTEAMLYEKFSPAGPILSIRVCRDMITRRSLGYAYVNFQQPADAE;HPDVTEAMLYEKFSPAGPILSIRVCRDMITRRSLGYAYVNFQQPADAERAL;EAMLYEKFSPAGPILSIRVCRDMITRRSLGYAYVNFQQPADAERALDTMNF;AMLYEKFSPAGPILSIRVCRDMITRRSLGYAYVNFQQPADAERALDTMNFD;VCRDMITRRSLGYAYVNFQQPADAERALDTMNFDVIKGKPVRIMWSQRDPS;NFQQPADAERALDTMNFDVIKGKPVRIMWSQRDPSLRKSGVGNIFIKNLDK;DAERALDTMNFDVIKGKPVRIMWSQRDPSLRKSGVGNIFIKNLDKSIDNKA;LDTMNFDVIKGKPVRIMWSQRDPSLRKSGVGNIFIKNLDKSIDNKALYDTF;CKVVCDENGSKGYGFVHFETQEAAERAIEKMNGMLLNDRKVFVGRFKSRKE;GFVHFETQEAAERAIEKMNGMLLNDRKVFVGRFKSRKEREAELGARAKEFT;TQEAAERAIEKMNGMLLNDRKVFVGRFKSRKEREAELGARAKEFTNVYIKN;AERAIEKMNGMLLNDRKVFVGRFKSRKEREAELGARAKEFTNVYIKNFGED;AIEKMNGMLLNDRKVFVGRFKSRKEREAELGARAKEFTNVYIKNFGEDMDD;MLLNDRKVFVGRFKSRKEREAELGARAKEFTNVYIKNFGEDMDDERLKELF;AELGARAKEFTNVYIKNFGEDMDDERLKELFGKFGPALSVKVMTDESGKSK;GPALSVKVMTDESGKSKGFGFVSFERHEDAQKAVDEMNGKELNGKQIYVGR;RHEDAQKAVDEMNGKELNGKQIYVGRAQKKVERQTELKRKFEQMKQDRITR;AVDEMNGKELNGKQIYVGRAQKKVERQTELKRKFEQMKQDRITRYQGVNLY;GKELNGKQIYVGRAQKKVERQTELKRKFEQMKQDRITRYQGVNLYVKNLDD;YVGRAQKKVERQTELKRKFEQMKQDRITRYQGVNLYVKNLDDGIDDERLRK;RAQKKVERQTELKRKFEQMKQDRITRYQGVNLYVKNLDDGIDDERLRKEFS;KQDRITRYQGVNLYVKNLDDGIDDERLRKEFSPFGTITSAKVMMEGGRSKG;DRITRYQGVNLYVKNLDDGIDDERLRKEFSPFGTITSAKVMMEGGRSKGFG;DDERLRKEFSPFGTITSAKVMMEGGRSKGFGFVCFSSPEEATKAVTEMNGR;RSKGFGFVCFSSPEEATKAVTEMNGRIVATKPLYVALAQRKEERQAHLTNQ;EATKAVTEMNGRIVATKPLYVALAQRKEERQAHLTNQYMQRMASVRAVPNP;AVTEMNGRIVATKPLYVALAQRKEERQAHLTNQYMQRMASVRAVPNPVINP;TKPLYVALAQRKEERQAHLTNQYMQRMASVRAVPNPVINPYQPAPPSGYFM;VALAQRKEERQAHLTNQYMQRMASVRAVPNPVINPYQPAPPSGYFMAAIPQ;NPVINPYQPAPPSGYFMAAIPQTQNRAAYYPPSQIAQLRPSPRWTAQGARP;GYFMAAIPQTQNRAAYYPPSQIAQLRPSPRWTAQGARPHPFQNMPGAIRPA;AAIPQTQNRAAYYPPSQIAQLRPSPRWTAQGARPHPFQNMPGAIRPAAPRP;NRAAYYPPSQIAQLRPSPRWTAQGARPHPFQNMPGAIRPAAPRPPFSTMRP;QLRPSPRWTAQGARPHPFQNMPGAIRPAAPRPPFSTMRPASSQVPRVMSTQ;PRWTAQGARPHPFQNMPGAIRPAAPRPPFSTMRPASSQVPRVMSTQRVANT;ARPHPFQNMPGAIRPAAPRPPFSTMRPASSQVPRVMSTQRVANTSTQTMGP;MPGAIRPAAPRPPFSTMRPASSQVPRVMSTQRVANTSTQTMGPRPAAAATA;PAAPRPPFSTMRPASSQVPRVMSTQRVANTSTQTMGPRPAAAATAATPAVR;RVANTSTQTMGPRPAAAATAATPAVRTVPQYKYAAGVRNPQQHLNAQPQVT;RPAAAATAATPAVRTVPQYKYAAGVRNPQQHLNAQPQVTMQQPAVHVQGQE;QGQEPLTASMLASAPPQEQKQMLGERLFPLIQAMHPSLAGKITGMLLEIDN;GKITGMLLEIDNSELLHMLESPESLRSKVDEAVAVLQAHQAKEAAQKAVNS
Q9JJ54,Rattus norvegicus (Rat),Dimethylated arginine; alternate,343,SNSSPRHTEAA;AATAQREEWKM;DPITGRSRGFG;ITGRSRGFGFV;VIDPKRAKAMK;PEEKIREYFGG;NKTNKRRGFCF;KTNKRRGFCFI;QQWGSRGGFAG;GGFAGRARGRG;FAGRARGRGGG;GRARGRGGGPS;YGKVSRRGGHQ,GHSNSSPRHTEAATA;TEAATAQREEWKMFI;KLDPITGRSRGFGFV;DPITGRSRGFGFVLF;GKVIDPKRAKAMKTK;DTPEEKIREYFGGFG;MDNKTNKRRGFCFIT;DNKTNKRRGFCFITF;QQQQWGSRGGFAGRA;SRGGFAGRARGRGGG;GGFAGRARGRGGGPS;FAGRARGRGGGPSQN;SGYGKVSRRGGHQNS,NEEDEGHSNSSPRHTEAATAQREEW;SSPRHTEAATAQREEWKMFIGGLSW;VDCTLKLDPITGRSRGFGFVLFKES;CTLKLDPITGRSRGFGFVLFKESES;EHKLNGKVIDPKRAKAMKTKEPVKK;GGLSPDTPEEKIREYFGGFGEVESI;SIELPMDNKTNKRRGFCFITFKEEE;IELPMDNKTNKRRGFCFITFKEEEP;KEQYQQQQQWGSRGGFAGRARGRGG;QQQWGSRGGFAGRARGRGGGPSQNW;QWGSRGGFAGRARGRGGGPSQNWNQ;GSRGGFAGRARGRGGGPSQNWNQGY;YSNQQSGYGKVSRRGGHQNSYKPY,STEAEGAKIDASKNEEDEGHSNSSPRHTEAATAQREEWKMFIGGLSWDTTK;DASKNEEDEGHSNSSPRHTEAATAQREEWKMFIGGLSWDTTKKDLKDYFSK;KDLKDYFSKFGDVVDCTLKLDPITGRSRGFGFVLFKESESVDKVMDQKEHK;LKDYFSKFGDVVDCTLKLDPITGRSRGFGFVLFKESESVDKVMDQKEHKLN;KESESVDKVMDQKEHKLNGKVIDPKRAKAMKTKEPVKKIFVGGLSPDTPEE;AMKTKEPVKKIFVGGLSPDTPEEKIREYFGGFGEVESIELPMDNKTNKRRG;KIREYFGGFGEVESIELPMDNKTNKRRGFCFITFKEEEPVKKIMEKKYHNV;IREYFGGFGEVESIELPMDNKTNKRRGFCFITFKEEEPVKKIMEKKYHNVG;VGLSKCEIKVAMSKEQYQQQQQWGSRGGFAGRARGRGGGPSQNWNQGYSNY;EIKVAMSKEQYQQQQQWGSRGGFAGRARGRGGGPSQNWNQGYSNYWNQGYG;KVAMSKEQYQQQQQWGSRGGFAGRARGRGGGPSQNWNQGYSNYWNQGYGSY;AMSKEQYQQQQQWGSRGGFAGRARGRGGGPSQNWNQGYSNYWNQGYGSYGY;DYTGYNSYYGYGDYSNQQSGYGKVSRRGGHQNSYKPY
Q6AY09,Rattus norvegicus (Rat),Dimethylated arginine; alternate,233,LSTEGREGFVV;FVVKVRGLPWS;AEEVMRFFSDC;GTSGVRFIYTR;RFIYTREGRPS;YTREGRPSGEA;ALKKDRETMGH;ETMGHRYVEVF;NDGFVRLRGLP;GFVRLRGLPFG;VDFQGRSTGEA;KKHKERIGHRY;ERIGHRYIEIF;IFKSSRAEVRT;SRAEVRTHYDP;HYDPPRKLMTM;LMTMQRPGPYD;PGPYDRPGAGR;RPGAGRGYNSI;YNSIGRGAGFE;GAGFERMRRGA;GFERMRRGAYG;GFGSDRFGRDL;SDRFGRDLNYC;GMSDHRYGDGG;HCVHMRGLPYR;RGLPYRATEND;PLNPMRVHIEI;IGPDGRVTGEA;ANMQHRYVELF,MMLSTEGREGFVVKV;EGFVVKVRGLPWSCS;CSAEEVMRFFSDCKI;QNGTSGVRFIYTREG;GVRFIYTREGRPSGE;FIYTREGRPSGEAFV;KLALKKDRETMGHRY;DRETMGHRYVEVFKS;TANDGFVRLRGLPFG;NDGFVRLRGLPFGCS;LPVDFQGRSTGEAFV;ALKKHKERIGHRYIE;HKERIGHRYIEIFKS;IEIFKSSRAEVRTHY;KSSRAEVRTHYDPPR;RTHYDPPRKLMTMQR;RKLMTMQRPGPYDRP;QRPGPYDRPGAGRGY;YDRPGAGRGYNSIGR;RGYNSIGRGAGFERM;GRGAGFERMRRGAYG;GAGFERMRRGAYGGG;GYGFGSDRFGRDLNY;FGSDRFGRDLNYCFS;FSGMSDHRYGDGGSS;TGHCVHMRGLPYRAT;HMRGLPYRATENDIY;FSPLNPMRVHIEIGP;IEIGPDGRVTGEADV;DKANMQHRYVELFLN,MMLSTEGREGFVVKVRGLPW;STEGREGFVVKVRGLPWSCSAEEVM;GLPWSCSAEEVMRFFSDCKIQNGTS;SDCKIQNGTSGVRFIYTREGRPSGE;QNGTSGVRFIYTREGRPSGEAFVEL;TSGVRFIYTREGRPSGEAFVELESE;SEDEVKLALKKDRETMGHRYVEVFK;LALKKDRETMGHRYVEVFKSNSVEM;PNSPDTANDGFVRLRGLPFGCSKEE;SPDTANDGFVRLRGLPFGCSKEEIV;PNGMTLPVDFQGRSTGEAFVQFASQ;EIAEKALKKHKERIGHRYIEIFKSS;KALKKHKERIGHRYIEIFKSSRAEV;IGHRYIEIFKSSRAEVRTHYDPPRK;YIEIFKSSRAEVRTHYDPPRKLMTM;SRAEVRTHYDPPRKLMTMQRPGPYD;HYDPPRKLMTMQRPGPYDRPGAGRG;KLMTMQRPGPYDRPGAGRGYNSIGR;QRPGPYDRPGAGRGYNSIGRGAGFE;RPGAGRGYNSIGRGAGFERMRRGAY;GYNSIGRGAGFERMRRGAYGGGYGG;NSIGRGAGFERMRRGAYGGGYGGYD;GGYNDGYGFGSDRFGRDLNYCFSGM;NDGYGFGSDRFGRDLNYCFSGMSDH;DLNYCFSGMSDHRYGDGGSSFQSTT;SFQSTTGHCVHMRGLPYRATENDIY;TGHCVHMRGLPYRATENDIYNFFSP;DIYNFFSPLNPMRVHIEIGPDGRVT;PMRVHIEIGPDGRVTGEADVEFATH;AAMAKDKANMQHRYVELFLNSTAGT,MMLSTEGREGFVVKVRGLPWSCSAEEVMRFFSD;MMLSTEGREGFVVKVRGLPWSCSAEEVMRFFSDCKIQNGTS;STEGREGFVVKVRGLPWSCSAEEVMRFFSDCKIQNGTSGVRFIYTREGRPS;PWSCSAEEVMRFFSDCKIQNGTSGVRFIYTREGRPSGEAFVELESEDEVKL;AEEVMRFFSDCKIQNGTSGVRFIYTREGRPSGEAFVELESEDEVKLALKKD;VMRFFSDCKIQNGTSGVRFIYTREGRPSGEAFVELESEDEVKLALKKDRET;EGRPSGEAFVELESEDEVKLALKKDRETMGHRYVEVFKSNSVEMDWVLKHT;EAFVELESEDEVKLALKKDRETMGHRYVEVFKSNSVEMDWVLKHTGPNSPD;NSVEMDWVLKHTGPNSPDTANDGFVRLRGLPFGCSKEEIVQFFSGLEIVPN;VEMDWVLKHTGPNSPDTANDGFVRLRGLPFGCSKEEIVQFFSGLEIVPNGM;EEIVQFFSGLEIVPNGMTLPVDFQGRSTGEAFVQFASQEIAEKALKKHKER;RSTGEAFVQFASQEIAEKALKKHKERIGHRYIEIFKSSRAEVRTHYDPPRK;EAFVQFASQEIAEKALKKHKERIGHRYIEIFKSSRAEVRTHYDPPRKLMTM;EIAEKALKKHKERIGHRYIEIFKSSRAEVRTHYDPPRKLMTMQRPGPYDRP;KALKKHKERIGHRYIEIFKSSRAEVRTHYDPPRKLMTMQRPGPYDRPGAGR;ERIGHRYIEIFKSSRAEVRTHYDPPRKLMTMQRPGPYDRPGAGRGYNSIGR;IEIFKSSRAEVRTHYDPPRKLMTMQRPGPYDRPGAGRGYNSIGRGAGFERM;SRAEVRTHYDPPRKLMTMQRPGPYDRPGAGRGYNSIGRGAGFERMRRGAYG;RTHYDPPRKLMTMQRPGPYDRPGAGRGYNSIGRGAGFERMRRGAYGGGYGG;RKLMTMQRPGPYDRPGAGRGYNSIGRGAGFERMRRGAYGGGYGGYDDYGGY;QRPGPYDRPGAGRGYNSIGRGAGFERMRRGAYGGGYGGYDDYGGYNDGYGF;PGPYDRPGAGRGYNSIGRGAGFERMRRGAYGGGYGGYDDYGGYNDGYGFGS;GAYGGGYGGYDDYGGYNDGYGFGSDRFGRDLNYCFSGMSDHRYGDGGSSFQ;GGGYGGYDDYGGYNDGYGFGSDRFGRDLNYCFSGMSDHRYGDGGSSFQSTT;NDGYGFGSDRFGRDLNYCFSGMSDHRYGDGGSSFQSTTGHCVHMRGLPYRA;SGMSDHRYGDGGSSFQSTTGHCVHMRGLPYRATENDIYNFFSPLNPMRVHI;HRYGDGGSSFQSTTGHCVHMRGLPYRATENDIYNFFSPLNPMRVHIEIGPD;VHMRGLPYRATENDIYNFFSPLNPMRVHIEIGPDGRVTGEADVEFATHEDA;TENDIYNFFSPLNPMRVHIEIGPDGRVTGEADVEFATHEDAVAAMAKDKAN;EADVEFATHEDAVAAMAKDKANMQHRYVELFLNSTAGTSGGAYDHSYVELF
Q6IG12,Rattus norvegicus (Rat),Dimethylated arginine; alternate,15,IHFSSRSTAYP;RGAQVRLSSGR;RLSSGRASFGS;ASFGSRSLYGL;GLGSSRPRVAV;GSSRPRVAVRS;PRVAVRSAYGG;VGAGIREITIN;TIQQVRQEERE;VRQEEREQIKT;FIDKVRFLEQQ;SSQLPRIFEAQ;QIAGLRQQLET;QLDGGRLEVEL;LEVELRNMQDV;EEEINRRTAAE;EEINRRTAAEN;SMDNSRSLDLD;MANHSRAEAEA;HGDDLRNTRNE;DLRNTRNEIAE;IAEMNRSIQRL;NRSIQRLQAEI;TLKNQRAKLES;KQDVARQLREY;VARQLREYQEL;EIATYRKLLEG;EGEESRLSGDG;GPGALRAYSIK;TTSTTRRGTHN;TSTTRRGTHN,MSIHFSSRSTAYPGR;PGRGAQVRLSSGRAS;QVRLSSGRASFGSRS;GRASFGSRSLYGLGS;LYGLGSSRPRVAVRS;GLGSSRPRVAVRSAY;SRPRVAVRSAYGGPV;GPVGAGIREITINQS;DPTIQQVRQEEREQI;QQVRQEEREQIKTLN;ASFIDKVRFLEQQNK;AKSSQLPRIFEAQIA;EAQIAGLRQQLETLQ;TLQLDGGRLEVELRN;GRLEVELRNMQDVVE;KYEEEINRRTAAENE;YEEEINRRTAAENEF;VLSMDNSRSLDLDGI;EEMANHSRAEAEAWY;GKHGDDLRNTRNEIA;GDDLRNTRNEIAEMN;NEIAEMNRSIQRLQA;EMNRSIQRLQAEIDT;IDTLKNQRAKLESSI;KAKQDVARQLREYQE;QDVARQLREYQELLN;DIEIATYRKLLEGEE;LLEGEESRLSGDGMG;SGGPGALRAYSIKTT;IKTTSTTRRGTHN;KTTSTTRRGTHN,MSIHFSSRSTAYPGRGAQVR;RSTAYPGRGAQVRLSSGRASFGSRS;PGRGAQVRLSSGRASFGSRSLYGLG;VRLSSGRASFGSRSLYGLGSSRPRV;FGSRSLYGLGSSRPRVAVRSAYGGP;SRSLYGLGSSRPRVAVRSAYGGPVG;YGLGSSRPRVAVRSAYGGPVGAGIR;RSAYGGPVGAGIREITINQSLLAPL;LSVDIDPTIQQVRQEEREQIKTLNN;IDPTIQQVRQEEREQIKTLNNKFAS;LNNKFASFIDKVRFLEQQNKMLETK;QEQKSAKSSQLPRIFEAQIAGLRQQ;LPRIFEAQIAGLRQQLETLQLDGGR;RQQLETLQLDGGRLEVELRNMQDVV;LQLDGGRLEVELRNMQDVVEDFKNK;EDFKNKYEEEINRRTAAENEFVLLK;DFKNKYEEEINRRTAAENEFVLLKK;SDTSVVLSMDNSRSLDLDGIIADVK;VKAQYEEMANHSRAEAEAWYQTKFE;LQAQAGKHGDDLRNTRNEIAEMNRS;QAGKHGDDLRNTRNEIAEMNRSIQR;LRNTRNEIAEMNRSIQRLQAEIDTL;RNEIAEMNRSIQRLQAEIDTLKNQR;RLQAEIDTLKNQRAKLESSIAEAEE;EAALQKAKQDVARQLREYQELLNTK;LQKAKQDVARQLREYQELLNTKLAL;TKLALDIEIATYRKLLEGEESRLSG;ATYRKLLEGEESRLSGDGMGPVNIS;NALSFSGGPGALRAYSIKTTSTTRR;LRAYSIKTTSTTRRGTHN;RAYSIKTTSTTRRGTHN,MSIHFSSRSTAYPGRGAQVRLSSGRASFGSRSL;MSIHFSSRSTAYPGRGAQVRLSSGRASFGSRSLYGLGSSRPRVAV;MSIHFSSRSTAYPGRGAQVRLSSGRASFGSRSLYGLGSSRPRVAVRSAYG;SSRSTAYPGRGAQVRLSSGRASFGSRSLYGLGSSRPRVAVRSAYGGPVGAG;RGAQVRLSSGRASFGSRSLYGLGSSRPRVAVRSAYGGPVGAGIREITINQS;AQVRLSSGRASFGSRSLYGLGSSRPRVAVRSAYGGPVGAGIREITINQSLL;LSSGRASFGSRSLYGLGSSRPRVAVRSAYGGPVGAGIREITINQSLLAPLS;LYGLGSSRPRVAVRSAYGGPVGAGIREITINQSLLAPLSVDIDPTIQQVRQ;IREITINQSLLAPLSVDIDPTIQQVRQEEREQIKTLNNKFASFIDKVRFLE;TINQSLLAPLSVDIDPTIQQVRQEEREQIKTLNNKFASFIDKVRFLEQQNK;QQVRQEEREQIKTLNNKFASFIDKVRFLEQQNKMLETKWALLQEQKSAKSS;QQNKMLETKWALLQEQKSAKSSQLPRIFEAQIAGLRQQLETLQLDGGRLEV;ALLQEQKSAKSSQLPRIFEAQIAGLRQQLETLQLDGGRLEVELRNMQDVVE;QLPRIFEAQIAGLRQQLETLQLDGGRLEVELRNMQDVVEDFKNKYEEEINR;EAQIAGLRQQLETLQLDGGRLEVELRNMQDVVEDFKNKYEEEINRRTAAEN;RLEVELRNMQDVVEDFKNKYEEEINRRTAAENEFVLLKKDVDAAYTNKVEL;LEVELRNMQDVVEDFKNKYEEEINRRTAAENEFVLLKKDVDAAYTNKVELE;LHETELAELQSQISDTSVVLSMDNSRSLDLDGIIADVKAQYEEMANHSRAE;NSRSLDLDGIIADVKAQYEEMANHSRAEAEAWYQTKFETLQAQAGKHGDDL;AEAEAWYQTKFETLQAQAGKHGDDLRNTRNEIAEMNRSIQRLQAEIDTLKN;EAWYQTKFETLQAQAGKHGDDLRNTRNEIAEMNRSIQRLQAEIDTLKNQRA;ETLQAQAGKHGDDLRNTRNEIAEMNRSIQRLQAEIDTLKNQRAKLESSIAE;AQAGKHGDDLRNTRNEIAEMNRSIQRLQAEIDTLKNQRAKLESSIAEAEEQ;TRNEIAEMNRSIQRLQAEIDTLKNQRAKLESSIAEAEEQGELAIKDAHAKQ;LAIKDAHAKQGELEAALQKAKQDVARQLREYQELLNTKLALDIEIATYRKL;KDAHAKQGELEAALQKAKQDVARQLREYQELLNTKLALDIEIATYRKLLEG;VARQLREYQELLNTKLALDIEIATYRKLLEGEESRLSGDGMGPVNISVVNS;ELLNTKLALDIEIATYRKLLEGEESRLSGDGMGPVNISVVNSTGGNGGKLI;NGGKLIFGGTMGSNALSFSGGPGALRAYSIKTTSTTRRGTHN;GSNALSFSGGPGALRAYSIKTTSTTRRGTHN;SNALSFSGGPGALRAYSIKTTSTTRRGTHN
Q3SWU3,Rattus norvegicus (Rat),Dimethylated arginine; alternate,310,MTGTARSALPL;PQSPARALRPS;PARALRPSGAA;PSGAARAAPSL;SLSPSRFSACP;TEYLSRFGEVV;DPVTGRSRGFG;VTGRSRGFGFV;LIDPKRAKALK;TKTNERRGFCF;KTNERRGFCFI;KLLESRYHQIG;PKEVYRQQQQQ;QQKGGRGAAAG;AAAGGRGGARG;GRGGARGRGRG;GGARGRGRGQG;ARGRGRGQGQN,MTGTARSALPLPQ;PLPQSPARALRPSGA;QSPARALRPSGAARA;LRPSGAARAAPSLSP;APSLSPSRFSACPLD;DLTEYLSRFGEVVDC;KTDPVTGRSRGFGFV;DPVTGRSRGFGFVLF;GKLIDPKRAKALKGK;MDTKTNERRGFCFIT;DTKTNERRGFCFITY;VKKLLESRYHQIGSG;AQPKEVYRQQQQQQK;QQQQKGGRGAAAGGR;RGAAAGGRGGARGRG;AGGRGGARGRGRGQG;GRGGARGRGRGQGQN;GGARGRGRGQGQNWN,MTGTARSALPLPQSPARA;ARSALPLPQSPARALRPSGAARAAP;ALPLPQSPARALRPSGAARAAPSLS;SPARALRPSGAARAAPSLSPSRFSA;GAARAAPSLSPSRFSACPLDPSSFP;DTSKKDLTEYLSRFGEVVDCTIKTD;VDCTIKTDPVTGRSRGFGFVLFKDA;CTIKTDPVTGRSRGFGFVLFKDAAS;EHKLDGKLIDPKRAKALKGKEPPKK;NIELPMDTKTNERRGFCFITYTDEE;IELPMDTKTNERRGFCFITYTDEEP;TDEEPVKKLLESRYHQIGSGKCEIK;CEIKVAQPKEVYRQQQQQQKGGRGA;VYRQQQQQQKGGRGAAAGGRGGARG;QQKGGRGAAAGGRGGARGRGRGQGQ;GRGAAAGGRGGARGRGRGQGQNWNQ;GAAAGGRGGARGRGRGQGQNWNQGF;AAGGRGGARGRGRGQGQNWNQGFNN,MTGTARSALPLPQSPARALRPSGAARAAPSL;MTGTARSALPLPQSPARALRPSGAARAAPSLSPSRFSACPLD;MTGTARSALPLPQSPARALRPSGAARAAPSLSPSRFSACPLDPSS;MTGTARSALPLPQSPARALRPSGAARAAPSLSPSRFSACPLDPSSFPTSGN;PLPQSPARALRPSGAARAAPSLSPSRFSACPLDPSSFPTSGNKMFIGGLSW;TSGNKMFIGGLSWDTSKKDLTEYLSRFGEVVDCTIKTDPVTGRSRGFGFVL;KDLTEYLSRFGEVVDCTIKTDPVTGRSRGFGFVLFKDAASVDKVLELKEHK;LTEYLSRFGEVVDCTIKTDPVTGRSRGFGFVLFKDAASVDKVLELKEHKLD;KDAASVDKVLELKEHKLDGKLIDPKRAKALKGKEPPKKVFVGGLSPDTSEE;QIKEYFGAFGEIENIELPMDTKTNERRGFCFITYTDEEPVKKLLESRYHQI;IKEYFGAFGEIENIELPMDTKTNERRGFCFITYTDEEPVKKLLESRYHQIG;KTNERRGFCFITYTDEEPVKKLLESRYHQIGSGKCEIKVAQPKEVYRQQQQ;LLESRYHQIGSGKCEIKVAQPKEVYRQQQQQQKGGRGAAAGGRGGARGRGR;SGKCEIKVAQPKEVYRQQQQQQKGGRGAAAGGRGGARGRGRGQGQNWNQGF;VAQPKEVYRQQQQQQKGGRGAAAGGRGGARGRGRGQGQNWNQGFNNYYDQG;KEVYRQQQQQQKGGRGAAAGGRGGARGRGRGQGQNWNQGFNNYYDQGYGNY;VYRQQQQQQKGGRGAAAGGRGGARGRGRGQGQNWNQGFNNYYDQGYGNYNS;RQQQQQQKGGRGAAAGGRGGARGRGRGQGQNWNQGFNNYYDQGYGNYNSAY
