Entry,Organism,Modified residue,Modified_position,Positive_sequence
O08583,Mus musculus (Mouse),Dimethylated arginine; alternate,203,GMTRNRGSGGF
O35182,Mus musculus (Mouse),Dimethylated arginine; alternate,74,DAVGPRGAAIA
O35182,Mus musculus (Mouse),Dimethylated arginine; alternate,81,AAIAGRRRRTG
O88569,Mus musculus (Mouse),Dimethylated arginine; alternate,203,SSRSGRGGNFG
O88569,Mus musculus (Mouse),Dimethylated arginine; alternate,213,GFGDSRGGGGN
O89086,Mus musculus (Mouse),Dimethylated arginine; alternate,103,GRSYSRGGGDQ
P10853,Mus musculus (Mouse),Dimethylated arginine,80,ASEASRLAHYN
P10854,Mus musculus (Mouse),Dimethylated arginine,80,AGEASRLAHYN
P27048,Mus musculus (Mouse),Dimethylated arginine; alternate,108,GPGIGRAAGRG
P27048,Mus musculus (Mouse),Dimethylated arginine; alternate,112,GRAAGRGIPAG
P29341,Mus musculus (Mouse),Dimethylated arginine; alternate,493,QTMGPRPAAAA
P49312,Mus musculus (Mouse),Dimethylated arginine; alternate,194,ASSSQRGRSGS
P49312,Mus musculus (Mouse),Dimethylated arginine; alternate,206,NFGGGRGGGFG
P49312,Mus musculus (Mouse),Dimethylated arginine; alternate,225,GNFSGRGGFGG
P62996,Mus musculus (Mouse),Dimethylated arginine; alternate,241,YSRSYRGGGGG
P70696,Mus musculus (Mouse),Dimethylated arginine,81,ASEASRLAHYN
P97855,Mus musculus (Mouse),Dimethylated arginine; alternate,458,GFGVGRGITTP
Q60668,Mus musculus (Mouse),Dimethylated arginine; alternate,345,GKVSRRGGHQN
Q60749,Mus musculus (Mouse),Dimethylated arginine; alternate,320,RGTPVRGSITR
Q60749,Mus musculus (Mouse),Dimethylated arginine; alternate,331,GATVTRGVPPP
Q60749,Mus musculus (Mouse),Dimethylated arginine; alternate,340,PPPTVRGAPTP
Q61062,Mus musculus (Mouse),Dimethylated arginine; alternate,698,ELTASRQSFRM
Q64475,Mus musculus (Mouse),Dimethylated arginine,80,ASEASRLAHYN
Q64478,Mus musculus (Mouse),Dimethylated arginine,80,AGEASRLAHYN
Q64524,Mus musculus (Mouse),Dimethylated arginine,80,ANEASRLAHYN
Q64525,Mus musculus (Mouse),Dimethylated arginine,80,AGEASRLAHYN
Q6ZWY9,Mus musculus (Mouse),Dimethylated arginine,80,AGEASRLAHYN
Q8CGP0,Mus musculus (Mouse),Dimethylated arginine,80,ASEASRLAHYN
Q8CGP1,Mus musculus (Mouse),Dimethylated arginine,80,ASEASRLAHYN
Q8CGP2,Mus musculus (Mouse),Dimethylated arginine,80,ASEASRLAHYN
Q8VIJ6,Mus musculus (Mouse),Dimethylated arginine,563,RQEEERRRREE
Q8VIJ6,Mus musculus (Mouse),Dimethylated arginine; alternate,685,PAGYGRGREEY
Q99020,Mus musculus (Mouse),Dimethylated arginine; alternate,250,YGSGGRGNRNR
Q99020,Mus musculus (Mouse),Dimethylated arginine; alternate,275,GKSQRRGGHQN
Q9CX86,Mus musculus (Mouse),Dimethylated arginine; alternate,293,NSGPYRGGYGG
Q9D2U9,Mus musculus (Mouse),Dimethylated arginine,80,ASEASRLAHYN
Q9JJV9,Mus musculus (Mouse),Dimethylated arginine; alternate,526,RPRSSRGSIFT
O35737,Mus musculus (Mouse),Dimethylated arginine; alternate,233,FERMRRGAYGG
P63163,Mus musculus (Mouse),Dimethylated arginine; alternate,108,GPGVGRAAGRG
P63163,Mus musculus (Mouse),Dimethylated arginine; alternate,112,GRAAGRGVPAG
Q9DCV7,Mus musculus (Mouse),Dimethylated arginine; alternate,15,TAYPGRGAQVR
Q9Z130,Mus musculus (Mouse),Dimethylated arginine; alternate,289,YGKASRGGGNH
P70333,Mus musculus (Mouse),Dimethylated arginine; alternate,233,FERMRRGAYGG
Q8BG05,Mus musculus (Mouse),Dimethylated arginine; alternate,52,TDDSLREHFEK
